0,0.045607623,0.049181339,0.034264442,0.037164439,0.047032156
1,0.046057788,0.048084979,0.032199223,0.038238774,0.047038367
2,0.045722507,0.048215019,0.032182125,0.037669116,0.047971553
3,0.047286904,0.048705055,0.032496858,0.036133155,0.047163679
4,0.046073086,0.048284204,0.032179997,0.037308373,0.046635472
5,0.046541269,0.048375287,0.032260635,0.037026404,0.047145764
6,0.046293252,0.048770921,0.032439184,0.037195706,0.046365853
7,0.047018189,0.04833408,0.032127678,0.037349086,0.046696377
8,0.046079901,0.049045654,0.032677864,0.037015121,0.047678051
9,0.046245441,0.047219541,0.031321062,0.037604045,0.047411645
10,0.045628678,0.048300199,0.031985225,0.03699055,0.045657881
11,0.046115151,0.047795581,0.031740832,0.036571602,0.047352727
12,0.045556367,0.049261787,0.032623422,0.036837176,0.046253247
13,0.046301619,0.048565784,0.032197959,0.037193727,0.04754406
14,0.045406359,0.047046451,0.031256488,0.037278712,0.046089543
15,0.046109775,0.048252577,0.032064366,0.037161847,0.046521726
16,0.046216157,0.046870607,0.03109061,0.037396226,0.045886224
17,0.04693452,0.048542876,0.0322448,0.037129986,0.046432054
18,0.049335228,0.049934902,0.033250862,0.037489846,0.047358988
19,0.048326073,0.050834742,0.033770249,0.038096992,0.047695338
20,0.0480772,0.050890083,0.033775733,0.040959628,0.048001792
21,0.046309392,0.048532804,0.032161232,0.0417816,0.047905869
22,0.046197031,0.049063973,0.032556941,0.042122867,0.047462209
23,0.046003401,0.049098773,0.032663316,0.041086447,0.049034557
24,0.046140854,0.049862552,0.03308434,0.040241248,0.050607943
25,0.046413379,0.049939488,0.032993811,0.038799152,0.04901318
26,0.046266959,0.049103356,0.032549351,0.038070794,0.048380281
27,0.046470154,0.048729706,0.032325213,0.038815082,0.048229099
28,0.046387086,0.048132592,0.031925076,0.038455219,0.049042377
29,0.046774353,0.047416445,0.031364115,0.036143359,0.046869978
30,0.046171928,0.047552898,0.031492011,0.037876261,0.047572733
31,0.046832032,0.048073703,0.031790748,0.036673361,0.047737606
32,0.047322507,0.048405394,0.031979793,0.037258306,0.047761564
33,0.046085277,0.049445867,0.032917196,0.038090049,0.048101891
34,0.046976348,0.048876233,0.032377136,0.03843796,0.047522692
35,0.046399628,0.049806696,0.033105869,0.03852759,0.047973119
36,0.047150261,0.048663766,0.032203027,0.03870221,0.048921422
37,0.047359434,0.049398248,0.03265572,0.037803882,0.048821853
38,0.046946465,0.048925692,0.032568341,0.037930696,0.048017439
39,0.046580715,0.047872517,0.03184656,0.036936781,0.046610877
40,0.046673948,0.049731602,0.032944418,0.037882897,0.047636862
41,0.047181341,0.050249937,0.033414206,0.038221515,0.04863886
42,0.046663786,0.050414789,0.033509177,0.039779133,0.04848194
43,0.047071374,0.049519121,0.032970375,0.039337607,0.049229538
44,0.046921969,0.049548427,0.032819693,0.039632401,0.049404701
45,0.04671996,0.048663763,0.032185925,0.039712745,0.049928115
46,0.046127105,0.048726038,0.032324584,0.038092704,0.049628881
47,0.045659754,0.048150913,0.032023208,0.037654501,0.048580471
48,0.045885063,0.048403671,0.032096652,0.037274061,0.048086769
49,0.046151015,0.047825811,0.031652192,0.037323187,0.047734358
50,0.04644804,0.048487023,0.032168832,0.036976612,0.047916813
51,0.046241253,0.047357827,0.031455925,0.03691022,0.047967908
52,0.046315959,0.048998948,0.032506927,0.03711471,0.047278183
53,0.046187469,0.048724201,0.032368903,0.037056944,0.045851298
54,0.04597292,0.048163732,0.031961162,0.037111393,0.047500791
55,0.046917193,0.048367043,0.032047271,0.037104755,0.047307375
56,0.045855779,0.048477855,0.032292921,0.038076777,0.047151503
57,0.046194637,0.047469552,0.031417926,0.037701643,0.047710888
58,0.046366162,0.047902733,0.031845298,0.036840501,0.047852691
59,0.047799901,0.047391712,0.03141794,0.037993121,0.045583326
60,0.047089309,0.050975243,0.033812458,0.03784439,0.048690994
61,0.046420547,0.049197673,0.032644951,0.039380764,0.048286962
62,0.046299826,0.047886249,0.031814276,0.038775248,0.04773331
63,0.046751636,0.048388108,0.032097289,0.038183004,0.048459522
64,0.046274718,0.047810234,0.03167689,0.038536223,0.048436061
65,0.045796016,0.049021842,0.032480967,0.038313138,0.048231702
66,0.046856819,0.049321312,0.032724096,0.03802698,0.04821085
67,0.047149665,0.048752588,0.032251779,0.037651844,0.048013266
68,0.047184331,0.049085032,0.032675343,0.038103329,0.04900223
69,0.046361977,0.048386283,0.032058667,0.037546275,0.048761371
70,0.045905981,0.047353255,0.031414767,0.037425433,0.047712971
71,0.046886701,0.047126126,0.031105159,0.037169157,0.046634332
72,0.04625679,0.048918367,0.032501859,0.036460052,0.046348646
73,0.046280698,0.047337675,0.031177978,0.036956693,0.047208321
74,0.046564585,0.0482663,0.031890893,0.036084258,0.047416856
75,0.046558011,0.048291034,0.03194217,0.036754852,0.046200069
76,0.04584443,0.048608819,0.032192252,0.037512418,0.047795344
77,0.045980688,0.047801993,0.031523666,0.036556992,0.046361159
78,0.04629325,0.048545626,0.032238476,0.03771691,0.047406951
79,0.045763145,0.048714134,0.032176434,0.037706949,0.046782388
80,0.046639281,0.048472361,0.032235311,0.038011046,0.047022212
81,0.046703226,0.048111541,0.0318491,0.037446022,0.047262021
82,0.046644063,0.048514489,0.032096027,0.037308585,0.046341347
83,0.046565777,0.048367953,0.032094124,0.038060179,0.048015869
84,0.045781074,0.048173813,0.031997887,0.037369671,0.047632166
85,0.046593862,0.048171981,0.031773761,0.036977272,0.048047669
86,0.0463829,0.049054814,0.032587334,0.037649187,0.046522772
87,0.047226998,0.048817944,0.032322629,0.037509673,0.048004668
88,0.046669995,0.050099623,0.033255015,0.036812597,0.046888383
89,0.04576912,0.0486363,0.032185925,0.03843862,0.048113879
90,0.046678732,0.04793753,0.031667392,0.038245417,0.047746344
91,0.046690284,0.048021562,0.031713328,0.038283695,0.048514615
92,0.046091269,0.049360817,0.032626117,0.036814225,0.046603145
93,0.046250819,0.048408252,0.032069426,0.037506448,0.047978858
94,0.038569339,0.047979655,0.031826941,0.036744225,0.046897092
95,0.046079291,0.047286399,0.031146947,0.03818035,0.04708373
96,0.046381111,0.047237856,0.031200769,0.0364813,0.046399213
97,0.046859807,0.047301047,0.031247624,0.037560887,0.047548236
98,0.046678733,0.048759009,0.032333438,0.036853777,0.046795425
99,0.047174765,0.047352331,0.031441363,0.03738892,0.046367936
100,0.04656159,0.048520895,0.032065626,0.037666454,0.047521126
101,0.046954838,0.048881721,0.032370165,0.037440046,0.048735315
102,0.046437877,0.048225091,0.0318377,0.03778397,0.047029511
103,0.046945873,0.049022775,0.032455009,0.036624713,0.046513911
104,0.046497044,0.049116178,0.03255378,0.037092136,0.04675268
105,0.046342256,0.048398175,0.032184665,0.037535658,0.047741127
106,0.04678212,0.048477849,0.032173894,0.037769358,0.046990927
107,0.047029542,0.049124425,0.032653817,0.037368341,0.048106059
108,0.045369304,0.048088647,0.031848465,0.037323187,0.047776575
109,0.046632969,0.047898955,0.031681301,0.03766644,0.048016206
110,0.045443249,0.047378689,0.031595205,0.037376149,0.0469187
111,0.045561433,0.048543793,0.032181154,0.036483011,0.047724415
112,0.046895027,0.047811128,0.031609229,0.036894509,0.046805084
113,0.045978296,0.048824025,0.032373969,0.037531673,0.047717665
114,0.047299195,0.047665175,0.031622731,0.037054576,0.047792354
115,0.046736333,0.048340293,0.032041399,0.038202426,0.048025217
116,0.046598046,0.046735997,0.030951937,0.036964659,0.047670747
117,0.046282493,0.049139988,0.032451842,0.036357148,0.047387141
118,0.046238625,0.04874555,0.032360006,0.03645712,0.04630392
119,0.047158177,0.04958046,0.032795257,0.038127054,0.047801722
120,0.046433095,0.048458629,0.032130845,0.037253472,0.0483881
121,0.047185527,0.049754487,0.032754486,0.037077524,0.046430498
122,0.046911807,0.050555819,0.03357945,0.037206333,0.0473861
123,0.045951998,0.048194878,0.031921284,0.037799242,0.046379402
124,0.046820059,0.048100718,0.031896845,0.038585317,0.048107429
125,0.046308438,0.047041096,0.031201945,0.037723941,0.047547929
126,0.046902839,0.047906399,0.031774382,0.037390917,0.047434061
127,0.047536335,0.047212221,0.031164048,0.038011044,0.048230653
128,0.045979487,0.049077707,0.032550615,0.038588677,0.047744776
129,0.046269342,0.048750766,0.032327753,0.038264003,0.048172269
130,0.047182277,0.048249378,0.032015646,0.038379571,0.048514614
131,0.046593552,0.048731309,0.032289687,0.037164437,0.046517757
132,0.04655322,0.049302086,0.032713326,0.037088147,0.047409559
133,0.047009216,0.048490668,0.0319371,0.037307256,0.047242207
134,0.047896116,0.049643678,0.03298938,0.03782248,0.046863206
135,0.047183132,0.050006347,0.033217302,0.039148387,0.049317639
136,0.046973365,0.049240722,0.032675963,0.040553294,0.049084603
137,0.046552028,0.049676647,0.033079915,0.040073257,0.048976165
138,0.046701433,0.048829527,0.032436646,0.038455223,0.051416005
139,0.04696679,0.04865186,0.032309386,0.038779889,0.049724278
140,0.045803188,0.050439508,0.033453465,0.037812522,0.050061575
141,0.046527523,0.048442151,0.032200491,0.038744709,0.047892314
142,0.045722505,0.050138218,0.03306915,0.037918756,0.04887398
143,0.045956293,0.049529755,0.032695316,0.037886204,0.048786514
144,0.046152206,0.049319483,0.032675974,0.037163847,0.048053405
145,0.046713989,0.048684828,0.032296092,0.037876927,0.048015346
146,0.046402614,0.048958652,0.032501861,0.03745532,0.047441358
147,0.047636142,0.049770056,0.032955189,0.038416714,0.048353172
148,0.047755072,0.047703088,0.031517968,0.037864306,0.049083557
149,0.046231693,0.048285534,0.031971926,0.038398783,0.047905864
150,0.046517804,0.047876805,0.031661877,0.037850633,0.048411171
151,0.045946172,0.048825563,0.032249553,0.037340951,0.048064394
152,0.046737891,0.048205868,0.031969392,0.038128558,0.047638942
153,0.046559167,0.048072336,0.031904484,0.0382138,0.04853926
154,0.046056583,0.046800097,0.030919024,0.037457305,0.04686268
155,0.046283692,0.048587757,0.032188459,0.038184333,0.0482046
156,0.047266801,0.049018188,0.032551246,0.03831978,0.047841222
157,0.047230345,0.049592391,0.03289124,0.038779895,0.048290086
158,0.046787502,0.048501673,0.03195103,0.038952522,0.049000669
159,0.04739888,0.049352458,0.032653186,0.039202822,0.049307729
160,0.047033124,0.049298415,0.032652549,0.039314368,0.049359345
161,0.048098714,0.048561198,0.032318244,0.037760069,0.048570052
162,0.04569939,0.049521647,0.032733729,0.038144427,0.048812454
163,0.047171587,0.048152711,0.031872384,0.037893357,0.047410835
164,0.046165959,0.046669141,0.030852547,0.036989888,0.047810984
165,0.044919881,0.048345981,0.031955467,0.037209656,0.046473765
166,0.046338343,0.04773098,0.031714938,0.037966923,0.047538281
167,0.047297604,0.048506339,0.032180599,0.037154905,0.047914395
168,0.046873555,0.048620728,0.03222391,0.037068239,0.047916815
169,0.046955428,0.049479748,0.032887438,0.038783876,0.048675356
170,0.046667617,0.047369986,0.031479758,0.038033153,0.047931576
171,0.046835422,0.049288606,0.032644329,0.037689832,0.048668171
172,0.04726523,0.04894178,0.032467904,0.038173944,0.047523969
173,0.046465372,0.047752538,0.031773753,0.036995873,0.047546151
174,0.04692316,0.049428464,0.032631022,0.037643219,0.047894399
175,0.046961409,0.049237059,0.032579101,0.037404185,0.04828905
176,0.045930487,0.049068554,0.032501228,0.037267414,0.047005527
177,0.046939898,0.049068554,0.032544912,0.038202924,0.049226927
178,0.047143688,0.048813037,0.03241322,0.038316461,0.048176442
179,0.03674892,0.047708579,0.03159964,0.037390911,0.047048277
180,0.046554221,0.049110432,0.03253952,0.038538426,0.047258977
181,0.046452836,0.048017632,0.031894534,0.038561389,0.048479235
182,0.0469644,0.049159222,0.032591765,0.037321868,0.047222404
183,0.046451623,0.049072205,0.032666475,0.038201601,0.047353778
184,0.046300426,0.04783679,0.031697777,0.039552729,0.04848924
185,0.046777936,0.048044682,0.031706634,0.037450001,0.046874669
186,0.045782865,0.048171071,0.031832634,0.038383525,0.048530947
187,0.046355403,0.049219665,0.03262722,0.037151892,0.047552927
188,0.04646288,0.049976304,0.033210886,0.037284329,0.047511205
189,0.04600089,0.048688396,0.03222276,0.037132795,0.048113259
190,0.046663191,0.047143529,0.031183673,0.036969972,0.046537367
191,0.047111419,0.04847237,0.032169457,0.036485292,0.046959647
192,0.046387676,0.049660163,0.032881745,0.037513742,0.048225446
193,0.046717574,0.047763531,0.031624331,0.037234879,0.047354296
194,0.046189865,0.0491464,0.032595563,0.036873694,0.047402779
195,0.046233495,0.04723329,0.031262185,0.038806456,0.047845395
196,0.047190298,0.046885277,0.031174178,0.036644628,0.047523214
197,0.046708008,0.048396349,0.031926971,0.036997186,0.046272532
198,0.046526328,0.04896598,0.032353072,0.03758479,0.047070693
199,0.046179104,0.047862439,0.031765526,0.037596067,0.048291132
200,0.045497204,0.049324992,0.032677873,0.037716916,0.048254121
201,0.046676933,0.047203051,0.03113176,0.037451335,0.047795348
202,0.045483456,0.046926489,0.030888632,0.037553583,0.046264191
203,0.046786902,0.048900045,0.032328382,0.037114044,0.048489765
204,0.047963648,0.04860332,0.032101089,0.037932692,0.047398611
205,0.046682912,0.049583238,0.033029262,0.038477131,0.048847917
206,0.047160424,0.04865095,0.032194795,0.038799808,0.048957396
207,0.045979496,0.049106098,0.032539844,0.03816441,0.049115882
208,0.046473739,0.047571208,0.031362847,0.037564876,0.046985194
209,0.047046278,0.047864268,0.031691451,0.03758479,0.047999185
210,0.045822915,0.047768115,0.031591412,0.037750111,0.047825064
211,0.046695462,0.048497095,0.032316359,0.036977935,0.048033074
212,0.046626735,0.047764441,0.031652194,0.036822574,0.047981987
213,0.046568763,0.048931183,0.032357507,0.037205006,0.04781411
214,0.046869972,0.047657297,0.031581286,0.037017781,0.046938272
215,0.047702476,0.04897972,0.032444238,0.037694998,0.04830052
216,0.046871768,0.04895957,0.032542384,0.03757084,0.0473543
217,0.046747455,0.049120751,0.032400556,0.038925968,0.048557013
218,0.046342265,0.049123506,0.03244551,0.038773251,0.048894839
219,0.046116945,0.04798332,0.031798455,0.038054194,0.048500189
220,0.047147869,0.04837254,0.032140967,0.038310487,0.049044462
221,0.047283531,0.049644594,0.032807037,0.038145162,0.047511216
222,0.046653033,0.049207759,0.032604429,0.037746792,0.048481422
223,0.046598043,0.049322245,0.032638618,0.039161001,0.048523646
224,0.045761952,0.04872695,0.03224734,0.038348327,0.047754679
225,0.046985319,0.048889052,0.032484765,0.037267417,0.047966867
226,0.045868327,0.049611623,0.032913398,0.037052297,0.048386537
227,0.046559807,0.047027226,0.031119086,0.036466696,0.047835489
228,0.046646454,0.049738006,0.033102708,0.037469917,0.046713581
229,0.047397089,0.047304712,0.031330559,0.037908126,0.047396525
230,0.046189855,0.048087737,0.031918113,0.038124577,0.048371941
231,0.046861607,0.047817562,0.031639532,0.037739482,0.048064353
232,0.046534697,0.048811212,0.032248604,0.037789281,0.04772653
233,0.046902847,0.047249757,0.031324868,0.037766711,0.048377675
234,0.046091846,0.046975018,0.031046912,0.037074211,0.047315722
235,0.046440874,0.047803825,0.031613574,0.038084746,0.047172873
236,0.046830525,0.050376324,0.033356594,0.036323951,0.046299118
237,0.046115754,0.04790914,0.031823781,0.036168579,0.045808543
238,0.047498685,0.050100669,0.033155887,0.037891531,0.047051406
239,0.047652284,0.049531945,0.032822858,0.037427427,0.047291216
240,0.046765982,0.049694971,0.032964047,0.038392812,0.047101967
241,0.046621956,0.048592338,0.032055502,0.038890113,0.049349966
242,0.046895068,0.047689353,0.031598378,0.039591902,0.04978267
243,0.046211971,0.04911526,0.032560741,0.038078764,0.049026734
244,0.045342405,0.04819945,0.032031441,0.037236877,0.048502799
245,0.046586096,0.048103297,0.031661691,0.037357718,0.047248985
246,0.045769722,0.048366133,0.032120081,0.03851167,0.048117528
247,0.045712345,0.046920989,0.031043114,0.038372232,0.048659199
248,0.046817975,0.048432989,0.032071329,0.037791936,0.048540853
249,0.046134875,0.048329491,0.032104883,0.03729796,0.047673877
250,0.047168188,0.049749005,0.032862742,0.036441476,0.047244814
251,0.047325372,0.048598753,0.032214411,0.037487187,0.047178088
252,0.046823954,0.049539273,0.03277917,0.037750773,0.047549278
253,0.046625532,0.049878129,0.033102702,0.038068813,0.048878676
254,0.046440274,0.047637156,0.031593309,0.037236885,0.047539373
255,0.046789296,0.049237981,0.032655071,0.037612667,0.047340224
256,0.035242859,0.047962255,0.031854156,0.037583452,0.046555614
257,0.045609554,0.047179239,0.031240655,0.0365072,0.047954872
258,0.045935855,0.048453127,0.032134649,0.036950043,0.046481059
259,0.04695185,0.046874281,0.031065912,0.037165175,0.047108226
260,0.046795271,0.048061169,0.031810484,0.03669709,0.04641225
261,0.04695663,0.049792034,0.032948224,0.036545707,0.047565435
262,0.047470604,0.049003532,0.032470837,0.037245507,0.047525815
263,0.047615222,0.048699484,0.032211881,0.038761972,0.047355343
264,0.047000255,0.048100547,0.031634462,0.038757975,0.047564391
265,0.047832163,0.048995289,0.032581631,0.038505016,0.048876069
266,0.0472656,0.049739829,0.033039394,0.038669019,0.046785523
267,0.048188359,0.049996266,0.033079913,0.039462425,0.048925598
268,0.046577727,0.049197684,0.032639245,0.03957132,0.049869205
269,0.046920768,0.048600576,0.032282799,0.039058083,0.048827583
270,0.046662587,0.049164704,0.032427782,0.038707521,0.048908391
271,0.046466563,0.048913783,0.03240183,0.037686369,0.04762956
272,0.046069729,0.049107008,0.032556306,0.038120595,0.04776146
273,0.046716377,0.048739778,0.032230243,0.039077342,0.048230137
274,0.046678726,0.048882646,0.03242778,0.03730526,0.048808294
275,0.046645859,0.049592394,0.032831727,0.037858996,0.048500707
276,0.046539479,0.0473917,0.031528738,0.037784636,0.047546151
277,0.046461783,0.049807608,0.032934924,0.038281935,0.047716105
278,0.04638588,0.048177469,0.032028907,0.037175128,0.048341181
279,0.045587446,0.048889055,0.032350538,0.037167168,0.047987195
280,0.046010569,0.0476921,0.031473012,0.03705562,0.046867898
281,0.04619285,0.046933808,0.031005131,0.036275478,0.046588979
282,0.046055988,0.04798423,0.031764258,0.037299292,0.047802642
283,0.046589082,0.047747959,0.031482519,0.037264102,0.04712752
284,0.045992638,0.047259837,0.031231164,0.035987995,0.045923762
285,0.046125307,0.048642692,0.032142239,0.037147243,0.04767544
286,0.046370348,0.047856937,0.031610407,0.036418232,0.046646848
287,0.046592073,0.048691244,0.032285962,0.037630598,0.047201024
288,0.047070776,0.048368886,0.031894048,0.037359044,0.047216141
289,0.047466418,0.048562116,0.032192887,0.038234793,0.048351604
290,0.045400983,0.047982402,0.031875691,0.039007625,0.047912648
291,0.046517962,0.048167406,0.03190861,0.038094032,0.047932458
292,0.047489723,0.049415639,0.032807664,0.038576061,0.048075826
293,0.046919581,0.049868962,0.033083709,0.038868857,0.049300433
294,0.046122327,0.049443117,0.032952659,0.038671007,0.048697252
295,0.047728178,0.049113423,0.032583532,0.038783208,0.048916732
296,0.046819771,0.049453183,0.032734222,0.038440607,0.047873546
297,0.04715385,0.049442196,0.032925429,0.0381684,0.048420945
298,0.047051051,0.049567661,0.032798167,0.037784636,0.047775538
299,0.047026555,0.049986186,0.033139425,0.038858904,0.048937072
300,0.04656697,0.04931124,0.032767778,0.037744795,0.049161759
301,0.046262179,0.048428402,0.032048539,0.037077524,0.048261417
302,0.045778089,0.048098713,0.03194597,0.037054954,0.047388182
303,0.046277716,0.047847781,0.031661693,0.037185751,0.047376194
304,0.046170735,0.048223257,0.03197699,0.03687436,0.048190516
305,0.046967983,0.047334928,0.031342593,0.036713687,0.047227092
306,0.046835904,0.04793478,0.031759198,0.036610775,0.046252718
307,0.046935114,0.047939364,0.031699686,0.037359712,0.046627561
308,0.0474688,0.048889058,0.032465769,0.037938672,0.047604538
309,0.04692854,0.050161101,0.03319387,0.038013038,0.047837052
310,0.047159825,0.048386277,0.032197955,0.038189638,0.048991804
311,0.048914489,0.050193157,0.033231875,0.038716824,0.04782193
312,0.047731767,0.048780999,0.03242525,0.038722137,0.04900015
313,0.046441466,0.048322165,0.032064366,0.038084744,0.048771279
314,0.046422339,0.04812527,0.031935838,0.039340933,0.04967892
315,0.047011014,0.048606075,0.032105518,0.039923876,0.048956873
316,0.047443708,0.049130826,0.032531624,0.039731328,0.048978252
317,0.046563981,0.049977939,0.033097642,0.039082653,0.049406785
318,0.045494211,0.048788307,0.032273935,0.038376211,0.048090942
319,0.047162822,0.048349643,0.032218852,0.038635814,0.048624266
320,0.046649446,0.048402758,0.032089056,0.038390821,0.049101287
321,0.046353009,0.048202203,0.031846562,0.038599962,0.049039248
322,0.046032087,0.048214106,0.031913676,0.037473902,0.047711409
323,0.046519161,0.047617916,0.031515444,0.037276054,0.04811492
324,0.046661995,0.047579454,0.031523668,0.03766712,0.047529464
325,0.046872364,0.047681101,0.031560383,0.037003171,0.046676048
326,0.046421144,0.048065748,0.032073228,0.037191721,0.047322496
327,0.04687296,0.048615226,0.03216503,0.037045665,0.046970075
328,0.046917786,0.049173872,0.032592392,0.037386264,0.047378801
329,0.046990097,0.049310321,0.032579107,0.037179774,0.047662402
330,0.04583188,0.049510891,0.032706994,0.037156541,0.047752601
331,0.045938253,0.047399034,0.031271048,0.037223599,0.047343871
332,0.047333142,0.048177475,0.031913676,0.036936103,0.046861116
333,0.047906275,0.049980692,0.033091943,0.038074119,0.047165569
334,0.047675584,0.05081133,0.033816252,0.038571416,0.048016395
335,0.047762842,0.050412036,0.033375582,0.03966759,0.049133608
336,0.047565618,0.049920234,0.033208438,0.039421267,0.048390189
337,0.046881926,0.048431157,0.032180228,0.038980398,0.049931769
338,0.047368399,0.049427548,0.032791203,0.038753998,0.048408437
339,0.04746582,0.050303067,0.033350259,0.039068049,0.048679525
340,0.046028282,0.048545968,0.03208382,0.038881843,0.048544405
341,0.041913898,0.047873221,0.031562488,0.038314782,0.048995716
342,0.045706964,0.049122579,0.032629754,0.037271406,0.047382448
343,0.046195836,0.048396352,0.031944067,0.037532332,0.047450747
344,0.045999808,0.047651795,0.031518605,0.03812458,0.047974682
345,0.046063158,0.047382544,0.031490741,0.037433401,0.048478291
346,0.046345841,0.04763624,0.031433763,0.037732186,0.047209887
347,0.047346888,0.049805777,0.033064084,0.037977852,0.048604451
348,0.046993086,0.047653629,0.031466684,0.037146584,0.047631648
349,0.046463572,0.048769997,0.03227837,0.036969304,0.047402786
350,0.046525732,0.047632575,0.031531893,0.036762814,0.045837214
351,0.046344649,0.047719566,0.031691443,0.037608696,0.047233869
352,0.046125906,0.049186696,0.032493,0.036220365,0.047678042
353,0.046750448,0.04845313,0.032124509,0.036944066,0.046668221
354,0.047006232,0.047461317,0.031397675,0.037274059,0.047351163
355,0.047631356,0.048170139,0.031932674,0.036713019,0.04775364
356,0.047613435,0.050404708,0.033416744,0.03829787,0.048064876
357,0.046689481,0.048254403,0.032044731,0.039615136,0.049242567
358,0.04748793,0.048420167,0.032026377,0.037746133,0.048374025
359,0.046210182,0.049499884,0.0327893,0.03838484,0.048511655
360,0.047594312,0.050175757,0.033153992,0.037947302,0.047743738
361,0.046078099,0.048068497,0.031809849,0.03818765,0.047978339
362,0.047689932,0.051082401,0.03374028,0.037879584,0.047895435
363,0.047112616,0.049356117,0.032731057,0.038372234,0.048781183
364,0.047155045,0.048509001,0.032189729,0.037315224,0.047788046
365,0.047458047,0.048918367,0.032433475,0.038236121,0.048455874
366,0.046541876,0.049384499,0.032810827,0.038084076,0.046615571
367,0.047008618,0.049761818,0.032982411,0.037568853,0.048725928
368,0.045940047,0.048900045,0.032505026,0.037792598,0.048000232
369,0.046367353,0.048446718,0.032084623,0.037680394,0.047940799
370,0.046570549,0.048665603,0.032160605,0.037787289,0.049213892
371,0.047011014,0.049169294,0.032574037,0.037683047,0.047265668
372,0.04687475,0.047257093,0.031286238,0.037020436,0.04766084
373,0.046109779,0.048935761,0.03240436,0.037244847,0.048154025
374,0.04644326,0.048715047,0.032287228,0.038107978,0.049072092
375,0.046750437,0.047999808,0.031832634,0.037541632,0.048260373
376,0.046914797,0.048928436,0.03253352,0.037211648,0.04908252
377,0.046409198,0.04803552,0.031839605,0.036523133,0.047384012
378,0.046520954,0.048922934,0.032488561,0.037069556,0.046592634
379,0.046824548,0.048700403,0.032180228,0.038155787,0.048619052
380,0.046645857,0.049667496,0.033032429,0.03894522,0.047393917
381,0.047549482,0.048979726,0.032456909,0.037750107,0.047995539
382,0.047168192,0.048791054,0.032417659,0.038332395,0.049432339
383,0.046857424,0.049472417,0.032885545,0.039020254,0.049322333
384,0.047067787,0.047934786,0.03183264,0.037890867,0.048553369
385,0.047057631,0.049816768,0.033071041,0.037833764,0.048286442
386,0.046820963,0.048931183,0.032278366,0.037240862,0.046101531
387,0.046336882,0.047823974,0.031601547,0.038093374,0.047770839
388,0.046074516,0.049836909,0.032951385,0.036772781,0.047832884
389,0.047184923,0.047309279,0.031257746,0.038245415,0.047412165
390,0.046910015,0.049466918,0.032829187,0.037460626,0.048239521
391,0.047161614,0.048991629,0.03255125,0.038750011,0.047584209
392,0.046675737,0.047780931,0.031610403,0.038631831,0.048817155
393,0.045902396,0.048205857,0.031924445,0.037594076,0.047495582
394,0.046876548,0.047731469,0.031555957,0.037793268,0.047431979
395,0.045785261,0.048153669,0.031875695,0.036950049,0.046728175
396,0.045894029,0.04831759,0.03188012,0.037669111,0.047419985
397,0.045999212,0.047843211,0.031736401,0.037912111,0.046706273
398,0.046727735,0.048667428,0.032442982,0.037634587,0.047882927
399,0.046685898,0.046145307,0.030572694,0.036931454,0.046216225
400,0.047888943,0.048503493,0.032275193,0.037713587,0.046910639
401,0.047202855,0.046736918,0.030852546,0.037220945,0.046952347
402,0.046807817,0.048161909,0.031820606,0.037808539,0.046946617
403,0.047048661,0.048648194,0.03221252,0.038097349,0.048076346
404,0.046837697,0.047801078,0.031736397,0.038652412,0.047962173
405,0.046680518,0.047419178,0.031479346,0.037301945,0.04749975
406,0.04665422,0.049141816,0.03257847,0.036792034,0.04773748
407,0.046264562,0.048172903,0.032065632,0.038597309,0.048402179
408,0.046586096,0.047632575,0.031588247,0.038277956,0.048234305
409,0.046578326,0.049687632,0.032908965,0.037381615,0.048105023
410,0.046641077,0.04716001,0.031371711,0.037222937,0.048180093
411,0.046426529,0.047834052,0.031696511,0.037909448,0.047754161
412,0.046123518,0.046722257,0.031003234,0.03780057,0.049077306
413,0.047358239,0.046914577,0.031111497,0.038055518,0.047422071
414,0.046761797,0.046963112,0.030949413,0.03735705,0.04715046
415,0.045842038,0.048946743,0.032272665,0.037889535,0.047299039
416,0.046076309,0.048196695,0.031863029,0.03721696,0.047955392
417,0.047268599,0.048471445,0.032191622,0.037720891,0.047471073
418,0.046327913,0.048379873,0.031955459,0.037428095,0.048670142
419,0.046546053,0.046507958,0.030798727,0.037201684,0.046059823
420,0.045573699,0.04845131,0.03209792,0.037001177,0.046715663
421,0.046752835,0.047447577,0.031343859,0.037053629,0.047499758
422,0.046828736,0.047730559,0.031668019,0.03710011,0.047226571
423,0.046420551,0.049358864,0.032658879,0.037644544,0.048651894
424,0.046883709,0.049024598,0.03246641,0.037255472,0.046877798
425,0.045542617,0.048367961,0.032047902,0.037815841,0.048333354
426,0.046636891,0.04772324,0.031585715,0.038367583,0.04800857
427,0.048414268,0.049255378,0.03256011,0.037691026,0.047191644
428,0.048119036,0.050916657,0.03393971,0.039155021,0.049068965
429,0.048067035,0.049784706,0.033097642,0.040662183,0.047578988
430,0.04806226,0.049801196,0.033138167,0.041087777,0.049517312
431,0.047945117,0.049524623,0.03282286,0.042717106,0.049463092
432,0.04615221,0.049041997,0.032523385,0.044039016,0.048518955
433,0.04703253,0.047899983,0.031789583,0.043875695,0.047336564
434,0.047585941,0.049058459,0.032491097,0.043720329,0.047568565
435,0.047748503,0.049433037,0.032782343,0.043898924,0.048834883
436,0.048148917,0.050443176,0.033309101,0.04415854,0.049079914
437,0.046885509,0.048859746,0.032398028,0.044457978,0.049604896
438,0.046982919,0.049221485,0.032590503,0.041287631,0.050284191
439,0.046238265,0.04855478,0.032253668,0.041387216,0.049717502
440,0.047675586,0.049448619,0.032846919,0.04084809,0.049978168
441,0.046663786,0.048314849,0.031975726,0.039293128,0.049163841
442,0.045978294,0.048425661,0.031940898,0.039375451,0.05076903
443,0.046937504,0.049249884,0.032473363,0.039386742,0.050891544
444,0.047055237,0.048502588,0.032241643,0.038232802,0.049693521
445,0.046655419,0.049616201,0.032791835,0.037820484,0.048456396
446,0.046373933,0.048716873,0.032411327,0.038165742,0.048975119
447,0.047561434,0.049127157,0.032492998,0.037797912,0.048850001
448,0.046286685,0.048520898,0.032152367,0.037764051,0.049978171
449,0.047432946,0.048771828,0.032354971,0.037943983,0.048447019
450,0.046934515,0.050623582,0.033670626,0.038412071,0.048867208
451,0.047358239,0.048998957,0.032468936,0.039953088,0.050292015
452,0.047113811,0.049277359,0.032793099,0.038498382,0.049962529
453,0.047023569,0.049122576,0.032526554,0.039441853,0.049209724
454,0.046309381,0.048943996,0.032490466,0.038641795,0.049825935
455,0.046818576,0.048821287,0.032400562,0.037924732,0.04860133
456,0.046035069,0.049518208,0.032775376,0.038242089,0.048582041
457,0.046290264,0.047923784,0.031784522,0.038322429,0.048908914
458,0.046827543,0.049139988,0.032656984,0.03784971,0.048696736
459,0.045891036,0.04810787,0.031837698,0.037783306,0.048707154
460,0.046958419,0.047142616,0.031200136,0.036901582,0.048412081
461,0.046557415,0.048498007,0.032195419,0.036641977,0.047657192
462,0.046259782,0.049667493,0.032889343,0.03758611,0.048093023
463,0.047537531,0.048755347,0.032334083,0.037556232,0.048205633
464,0.046638685,0.047881679,0.031873155,0.037460624,0.047345954
465,0.046434895,0.048117032,0.031926346,0.038050218,0.047642597
466,0.045870123,0.050326862,0.033285053,0.03646139,0.048550237
467,0.046501826,0.046631597,0.031183675,0.037119357,0.047421032
468,0.045756578,0.047758031,0.031547728,0.03760935,0.047578993
469,0.047014601,0.047343177,0.031391978,0.037244849,0.046731829
470,0.046723551,0.048489769,0.032159966,0.036616088,0.04686633
471,0.047421589,0.048497086,0.032046006,0.037843724,0.046977376
472,0.046987113,0.048742528,0.032342307,0.038583363,0.047949662
473,0.048139351,0.050449586,0.033521843,0.038955837,0.048406873
474,0.047685148,0.049242564,0.032535421,0.039645682,0.049257163
475,0.047789739,0.050579637,0.033602252,0.040650232,0.04929783
476,0.047576376,0.051573279,0.034308823,0.041448965,0.04984158
477,0.048138755,0.049930318,0.033133734,0.041861275,0.04960124
478,0.048001303,0.050089673,0.033301511,0.042438244,0.049124223
479,0.04695723,0.049711433,0.032982413,0.04276026,0.049723762
480,0.046904036,0.050091518,0.033197676,0.043454747,0.049713851
481,0.047920623,0.048988882,0.032463241,0.04190642,0.049601769
482,0.046464175,0.048806636,0.032560743,0.040915154,0.050349361
483,0.047311624,0.048572188,0.032337252,0.041093086,0.051375333
484,0.046473147,0.049727931,0.032946952,0.040580521,0.052902322
485,0.047266207,0.048700397,0.032194797,0.040101145,0.052076533
486,0.046924953,0.048219597,0.031945333,0.039468404,0.051450934
487,0.046837101,0.04970595,0.033045087,0.038619213,0.053070712
488,0.046953639,0.046578473,0.030870907,0.038246076,0.050284712
489,0.046682905,0.048828614,0.032323318,0.038081413,0.049590294
490,0.04574223,0.048774572,0.032284061,0.037740822,0.04921024
491,0.046873557,0.047466802,0.031507201,0.036665212,0.047650413
492,0.047116796,0.050498123,0.033446504,0.037327836,0.048784315
493,0.046176114,0.047811155,0.031566719,0.038002409,0.049131523
494,0.047641523,0.048186629,0.031915581,0.038071462,0.048338573
495,0.046659607,0.047929295,0.031740201,0.038859561,0.049081479
496,0.047599688,0.048575851,0.032242278,0.03909991,0.048046633
497,0.046320146,0.048837768,0.032453114,0.037966552,0.048441278
498,0.047864436,0.049091456,0.032477171,0.038910028,0.04800492
499,0.046428912,0.048193047,0.031882017,0.039737309,0.049092941
500,0.04680842,0.049520966,0.032898207,0.04022531,0.051112591
501,0.047632551,0.047863358,0.031814272,0.039224074,0.050186704
502,0.046762994,0.050772856,0.033692786,0.039225404,0.050289405
503,0.046880738,0.049201341,0.032587967,0.038504348,0.049117966
504,0.046041052,0.048818531,0.032437912,0.038047562,0.049385409
505,0.046619563,0.048463205,0.03193141,0.037920747,0.047435102
506,0.046430111,0.049986192,0.033107774,0.037766711,0.04840478
507,0.04692735,0.048624391,0.03223595,0.037477887,0.047632689
508,0.046412781,0.048806631,0.03243158,0.03757881,0.047970519
509,0.046400233,0.04881854,0.032237216,0.037378301,0.047742176
510,0.046347041,0.049695872,0.032932388,0.037786634,0.048775451
511,0.044975459,0.046695695,0.030806323,0.036701069,0.047451262
512,0.045822914,0.047856946,0.031667392,0.037493831,0.047645199
513,0.046572353,0.048533723,0.032117547,0.036566287,0.047661883
514,0.046445051,0.04894674,0.032424625,0.037028396,0.047047236
515,0.04690344,0.049163794,0.032649384,0.036671853,0.046155753
516,0.045815137,0.047576716,0.031532528,0.038166406,0.047002917
517,0.046276518,0.047947608,0.031716774,0.037623962,0.047524774
518,0.046640474,0.047516261,0.031619902,0.037183104,0.046720878
519,0.047209426,0.048238834,0.0319485,0.036956027,0.047220837
520,0.04784711,0.0491986,0.032644318,0.037753426,0.04702169
521,0.048096927,0.05071791,0.033549063,0.038664362,0.04797103
522,0.047016395,0.04925629,0.032788665,0.039915902,0.049434942
523,0.047131142,0.049812184,0.033064715,0.040218002,0.048920905
524,0.046079296,0.049136328,0.032571509,0.039078668,0.049496454
525,0.046271739,0.046883443,0.030934848,0.038936587,0.048738955
526,0.046730717,0.049430301,0.032684208,0.037885556,0.047577428
527,0.047242898,0.048789222,0.032367002,0.038371564,0.048918299
528,0.047594314,0.049558513,0.032920367,0.037417474,0.047929845
529,0.04689926,0.04872055,0.032214409,0.03778264,0.047887618
530,0.046348826,0.048591419,0.032232773,0.037611345,0.048146724
531,0.046266954,0.047936617,0.03166739,0.037105419,0.046737564
532,0.046546059,0.04736515,0.031373616,0.03771957,0.047487761
533,0.046437279,0.046827575,0.030962068,0.036863734,0.047123348
534,0.046642276,0.047599609,0.031556592,0.037378964,0.04678396
535,0.046785702,0.049343287,0.032767778,0.038175699,0.047607143
536,0.046465969,0.048350559,0.032093489,0.037179115,0.047620178
537,0.045309539,0.049482495,0.032713326,0.037199693,0.047016472
538,0.045847417,0.048273634,0.032008012,0.037547604,0.047463258
539,0.046998466,0.048128938,0.03180794,0.036574915,0.047681691
540,0.047217198,0.048682997,0.032184024,0.037455981,0.047516436
541,0.046598648,0.049609788,0.032884914,0.036596167,0.047414773
542,0.045660354,0.049105179,0.032511354,0.037592752,0.047328749
543,0.046915391,0.048918358,0.032534151,0.038489752,0.047399134
544,0.047220787,0.050032897,0.033112836,0.037738824,0.047534163
545,0.047299675,0.048909188,0.032467039,0.038232804,0.04808834
546,0.047314615,0.049803937,0.033088777,0.039863458,0.049815509
547,0.047194494,0.049209587,0.032717754,0.03916034,0.048833839
548,0.046717576,0.050139125,0.033246429,0.038546191,0.04760975
549,0.046459992,0.050156534,0.033381918,0.039130456,0.050477078
550,0.046103798,0.047980574,0.031633203,0.038528917,0.0485664
551,0.046779723,0.05003472,0.033080538,0.038898745,0.048616449
552,0.046676935,0.049202259,0.03275069,0.039200173,0.048945926
553,0.046592672,0.048847849,0.032322685,0.038364256,0.049595503
554,0.046329706,0.048454961,0.032075127,0.038325763,0.048761892
555,0.046590281,0.048969651,0.032544279,0.037134625,0.047976246
556,0.047007429,0.048206781,0.03203841,0.037704962,0.048206674
557,0.046538885,0.048780074,0.032316986,0.037947965,0.04753989
558,0.04576195,0.047172829,0.031179877,0.037788623,0.047260457
559,0.046252014,0.049008105,0.032488567,0.037620638,0.048002837
560,0.046514973,0.049422967,0.032679767,0.036871038,0.047678047
561,0.046038658,0.047457649,0.03153,0.036918178,0.046649451
562,0.046489278,0.048416499,0.032020049,0.037756752,0.046952352
563,0.046379305,0.047869759,0.031638895,0.036684467,0.047641552
564,0.045488236,0.049080451,0.032499964,0.037724878,0.047839658
565,0.046995476,0.048738862,0.032292921,0.037879574,0.047991888
566,0.047368406,0.048690328,0.032346112,0.036921507,0.047630086
567,0.046625536,0.049163791,0.032641776,0.037820488,0.047904825
568,0.046956037,0.048051092,0.031780087,0.038243425,0.046962771
569,0.04733075,0.049020008,0.032495531,0.038708846,0.04705036
570,0.047743717,0.051847108,0.034351247,0.039146395,0.049004313
571,0.046479118,0.051771087,0.03453865,0.040577856,0.049575701
572,0.046501226,0.049334139,0.032804509,0.040182147,0.050979652
573,0.046743876,0.048393605,0.032046003,0.040642924,0.050348314
574,0.046493459,0.047066598,0.030967771,0.038716822,0.049573611
575,0.045561142,0.049885446,0.03318375,0.039077344,0.051401931
576,0.046517361,0.047886249,0.031704736,0.038977751,0.050702821
577,0.04613488,0.04861981,0.032194793,0.037814512,0.049313469
578,0.046470154,0.047859693,0.031568626,0.03757814,0.046498274
579,0.046403815,0.049754484,0.032925427,0.036922167,0.047349606
580,0.046255599,0.048940331,0.032428415,0.037492495,0.047153063
581,0.045928093,0.048545623,0.03224101,0.03771691,0.048092505
582,0.046274721,0.04840002,0.031963065,0.038260691,0.047795343
583,0.046168343,0.049716938,0.03308181,0.037296633,0.047793263
584,0.045922118,0.048605151,0.032391698,0.037205006,0.047313635
585,0.045592222,0.048949501,0.032442978,0.037254134,0.047806813
586,0.046038663,0.048754431,0.032372068,0.036770122,0.047114484
587,0.046918976,0.04817106,0.031721838,0.03726343,0.046442485
588,0.046176708,0.048900045,0.03248033,0.037216958,0.047036284
589,0.046030885,0.049103351,0.032667741,0.037641879,0.047016994
590,0.046542464,0.049465098,0.032873512,0.037991122,0.046854869
591,0.046862796,0.049635432,0.032964055,0.037300616,0.047706715
592,0.047192701,0.048835027,0.032522121,0.037335138,0.046150538
593,0.047185518,0.048748934,0.032085254,0.037663803,0.04618286
594,0.047290113,0.050639154,0.033447764,0.038738722,0.047673873
595,0.047930779,0.049911092,0.033151454,0.039791084,0.048082604
596,0.049622691,0.051398358,0.034108125,0.041470867,0.048983462
597,0.047407841,0.052049495,0.034571587,0.044329829,0.050704906
598,0.047804076,0.049663825,0.032874149,0.045473152,0.049476652
599,0.045960968,0.04867017,0.032388531,0.047218663,0.050039166
600,0.046654224,0.049635438,0.032881112,0.046337609,0.046899693
601,0.045599995,0.048908289,0.032478433,0.04544858,0.048543979
602,0.045891042,0.04807491,0.031783885,0.043045099,0.047071735
603,0.046653623,0.04682849,0.030904461,0.041526642,0.04841156
604,0.047230347,0.048803878,0.032341677,0.041186038,0.050604807
605,0.045884467,0.048474189,0.032213786,0.039400016,0.049444841
606,0.046124114,0.04684682,0.031015263,0.038661707,0.048865121
607,0.046290257,0.047867928,0.031711078,0.038665692,0.048507482
608,0.047043289,0.04815916,0.031930779,0.037839073,0.048538245
609,0.046036867,0.048900964,0.032366998,0.03735108,0.048439711
610,0.046430708,0.049084122,0.03259493,0.037301943,0.047520081
611,0.04647971,0.048802047,0.032303057,0.037027072,0.046007171
612,0.046352417,0.04773605,0.031775652,0.037841064,0.048609147
613,0.046359589,0.047003417,0.030914593,0.037190406,0.047249511
614,0.04661538,0.049672074,0.033055222,0.037257463,0.04750236
615,0.046481505,0.046801016,0.030991202,0.037122008,0.04686633
616,0.04675583,0.048013542,0.031840865,0.037476558,0.047588892
617,0.047241108,0.049095113,0.032332813,0.038137856,0.047426759
618,0.047191503,0.05019865,0.033308476,0.038626523,0.047842265
619,0.048010861,0.050822318,0.033720019,0.038558133,0.047376715
620,0.046068537,0.048735197,0.032451844,0.039651652,0.048874505
621,0.047258439,0.049343301,0.032474004,0.039579958,0.0490846
622,0.046874748,0.048714134,0.032259363,0.038752668,0.049428684
623,0.046552028,0.048442142,0.032070696,0.038906709,0.049211287
624,0.046291457,0.048184792,0.031932672,0.038575395,0.048459003
625,0.046537444,0.048205541,0.032251739,0.038359074,0.048081374
626,0.046561528,0.049645592,0.033029607,0.037898656,0.04785496
627,0.046393657,0.048855165,0.032358138,0.03700383,0.047454397
628,0.045758371,0.046912752,0.031093134,0.037862317,0.04770568
629,0.045490622,0.047929289,0.031998518,0.037762722,0.047592551
630,0.046450426,0.047536419,0.031504038,0.036523135,0.046773532
631,0.047252457,0.04759227,0.031557223,0.036552349,0.046957558
632,0.047181341,0.049330471,0.032731694,0.036234977,0.046213096
633,0.047242896,0.050312223,0.033506014,0.037884891,0.048354215
634,0.045949607,0.050744483,0.033675067,0.039162321,0.048388627
635,0.047426377,0.049069464,0.032564545,0.038578714,0.049223795
636,0.047276365,0.048152744,0.031765524,0.038784548,0.048170704
637,0.0463829,0.048873486,0.032543011,0.038815075,0.049382282
638,0.047245886,0.04782489,0.031485045,0.038383519,0.047805248
639,0.045995028,0.048572182,0.032349907,0.038392145,0.048816639
640,0.046690079,0.049251704,0.032712058,0.03851763,0.048641468
641,0.046637492,0.049332294,0.032584173,0.038161759,0.047682215
642,0.04723035,0.050494449,0.033524377,0.038423354,0.048757729
643,0.045190608,0.04923158,0.032569608,0.038948537,0.048355257
644,0.045860565,0.046906331,0.031028554,0.037930712,0.047831842
645,0.046548443,0.04937534,0.032710792,0.037278703,0.046711493
646,0.046608804,0.049167465,0.032679139,0.038708189,0.04880204
647,0.04694826,0.04776261,0.031913045,0.038097347,0.048332843
648,0.046983541,0.049663242,0.032875681,0.038792434,0.048887378
649,0.046578321,0.049281925,0.032684839,0.037563542,0.047396526
650,0.046009937,0.048126412,0.031748308,0.03771376,0.047542559
651,0.040699925,0.048898208,0.032269505,0.03795394,0.04670159
652,0.046509595,0.047010742,0.031146954,0.03782779,0.047713496
653,0.046365562,0.048585013,0.032060568,0.038014361,0.04792047
654,0.046266358,0.047925627,0.031887722,0.037527024,0.046028546
655,0.046955435,0.050314959,0.033310377,0.037974526,0.048706639
656,0.047876997,0.051225274,0.033706718,0.03804025,0.049243087
657,0.046760614,0.049221488,0.03263609,0.038264669,0.048321365
658,0.047366009,0.050306718,0.033396482,0.038506348,0.048748866
659,0.046697253,0.050801247,0.03361112,0.038315128,0.047926197
660,0.046343454,0.048979729,0.032423986,0.037883563,0.047231258
661,0.04730864,0.048868905,0.032377765,0.037953276,0.047919944
662,0.047268595,0.048942168,0.032508826,0.037872272,0.047841751
663,0.047817232,0.048442145,0.032120078,0.038583365,0.049567355
664,0.047252462,0.048341394,0.031951034,0.039034182,0.047936628
665,0.048074213,0.04947608,0.032800058,0.038661711,0.048589863
666,0.047031929,0.049586892,0.032848187,0.038895418,0.048490806
667,0.046764791,0.047366984,0.031497079,0.039356862,0.048259332
668,0.046376919,0.049822247,0.033031802,0.03857141,0.050185653
669,0.046748652,0.048224175,0.032047904,0.038443269,0.048955834
670,0.046845466,0.048401843,0.032029536,0.03744735,0.048893797
671,0.046645258,0.048144504,0.031723096,0.037538307,0.047938193
672,0.046254402,0.047364245,0.031446425,0.038750679,0.048486113
673,0.045608361,0.047365161,0.031307134,0.037517722,0.046694288
674,0.046107387,0.049365274,0.032696237,0.03724817,0.048033071
675,0.04619285,0.047562964,0.031735768,0.037187074,0.047196339
676,0.046006379,0.049781044,0.033000774,0.036583549,0.047916818
677,0.046075112,0.048482442,0.032225809,0.03714259,0.045737115
678,0.04709289,0.049822256,0.033024204,0.037048318,0.047222402
679,0.046617768,0.048087726,0.031937743,0.037407517,0.046994055
680,0.046526925,0.048574017,0.032072595,0.037679069,0.047447098
681,0.046937512,0.048967817,0.032388529,0.03848444,0.048399055
682,0.046067344,0.048124345,0.031890248,0.038135205,0.047658229
683,0.045510344,0.046798274,0.030919653,0.038119265,0.047826625
684,0.04619105,0.047862434,0.031755396,0.037080181,0.046884058
685,0.046498842,0.04859873,0.032174533,0.03790946,0.047820371
686,0.045974714,0.049370756,0.032579738,0.037569521,0.047424671
687,0.046693668,0.047766281,0.031649033,0.037208995,0.046666137
688,0.04613368,0.050537492,0.033568057,0.038279937,0.048754079
689,0.04743713,0.049435789,0.032642422,0.038291228,0.047483591
690,0.046407997,0.048471445,0.03201308,0.038226166,0.047974163
691,0.046675135,0.049302081,0.032699398,0.038424018,0.049059574
692,0.047293698,0.049972451,0.033123597,0.038875501,0.048151411
693,0.047134126,0.047336762,0.031320431,0.038611245,0.049315029
694,0.04652095,0.048100547,0.031878229,0.037792608,0.04745492
695,0.046648251,0.047470479,0.031516071,0.036942087,0.047101455
696,0.045741043,0.049103354,0.032420821,0.03705695,0.048069045
697,0.047143688,0.047776347,0.031624329,0.036962661,0.047220834
698,0.046569358,0.047384384,0.031249523,0.036794017,0.04698832
699,0.046172529,0.048320343,0.032061199,0.036627371,0.046600444
700,0.045836057,0.048059335,0.031971296,0.038179686,0.04746117
701,0.046103793,0.048231509,0.031945333,0.036796019,0.047783353
702,0.046455813,0.049007186,0.032584165,0.036997854,0.047247426
703,0.046782113,0.048823109,0.032270766,0.037544283,0.048252556
704,0.046138467,0.048474195,0.032171364,0.037307922,0.047413207
705,0.046113962,0.047406365,0.031507207,0.036430182,0.046016558
706,0.04633628,0.047920139,0.031646495,0.038001743,0.047512266
707,0.046992489,0.049319481,0.032677238,0.036927475,0.046671354
708,0.046565181,0.049678478,0.032936192,0.038254712,0.047539895
709,0.04728234,0.04922424,0.032666471,0.037952616,0.048484025
710,0.046400229,0.0492105,0.032646209,0.037720901,0.048561707
711,0.046289062,0.049631778,0.032855779,0.037855672,0.047234909
712,0.045990851,0.048782821,0.032354338,0.038228149,0.048140471
713,0.045977106,0.048615234,0.032217584,0.038017017,0.048045061
714,0.047896112,0.049747171,0.032967847,0.038610587,0.048412086
715,0.046949458,0.048572182,0.032158705,0.038449253,0.047617048
716,0.045976503,0.046956708,0.031041217,0.038184341,0.046585337
717,0.046345841,0.048454045,0.03215997,0.03758612,0.047612884
718,0.045995629,0.049801196,0.032876046,0.038107974,0.047319369
719,0.045727287,0.049117088,0.032591767,0.037763388,0.047851127
720,0.046471354,0.049156463,0.032506923,0.037029059,0.046820973
721,0.045887458,0.048433896,0.032213784,0.037473908,0.04692107
722,0.047561438,0.047565722,0.031573684,0.037015785,0.047554491
723,0.046948859,0.048611569,0.032187195,0.037637244,0.047273486
724,0.046731319,0.050550328,0.033526278,0.037353076,0.046315801
725,0.046975755,0.049511798,0.032912763,0.038909368,0.048607064
726,0.046347639,0.048446712,0.032074498,0.037338461,0.048707673
727,0.045786454,0.04712705,0.031250148,0.037544955,0.047045668
728,0.046061963,0.047226866,0.031231158,0.037456637,0.047363163
729,0.047032528,0.049187612,0.032537316,0.037633253,0.047355861
730,0.0461283,0.049859797,0.032958354,0.037833764,0.047571694
731,0.046143245,0.048543801,0.032198586,0.038298528,0.046559266
732,0.047661243,0.047171914,0.031378046,0.038765285,0.047409039
733,0.046876554,0.049830505,0.032957717,0.038489082,0.047402783
734,0.046795863,0.049371683,0.032707625,0.039317023,0.049753477
735,0.046936907,0.049485236,0.032852618,0.039767182,0.048196249
736,0.046633905,0.049797534,0.032914033,0.039409984,0.049685178
737,0.046303411,0.048775491,0.032370177,0.038787861,0.048927159
738,0.046586103,0.047450324,0.031464787,0.038835002,0.049228491
739,0.046459992,0.047724153,0.031634467,0.039234034,0.047216666
740,0.046562789,0.049206838,0.032640519,0.038240768,0.048882326
741,0.046354815,0.047562967,0.031477447,0.037894846,0.04775364
742,0.04619106,0.04874985,0.032415117,0.037378962,0.048486636
743,0.046471349,0.049743497,0.032990005,0.037149243,0.047572212
744,0.046104398,0.049224246,0.032753846,0.037356386,0.04825047
745,0.045857575,0.046299153,0.03067717,0.042844577,0.044012027
746,0.038077474,0.045496911,0.030192179,0.04492872,0.044653264
747,0.047253659,0.048538293,0.032189096,0.04860566,0.050188782
748,0.046537684,0.049634516,0.032900106,0.040740521,0.054692057
749,0.04587491,0.04790914,0.031749693,0.041589059,0.049474033
750,0.046212565,0.049712362,0.032988112,0.041771641,0.04980248
751,0.047246487,0.04812161,0.0317231,0.040409892,0.048568483
752,0.047268599,0.050245359,0.03331797,0.040156918,0.048762941
753,0.047066586,0.050182166,0.033337599,0.039509573,0.049158111
754,0.046336277,0.048672012,0.032277098,0.039482348,0.048303128
755,0.047162813,0.050276496,0.033494617,0.038986385,0.048105018
756,0.048765678,0.050760965,0.033606683,0.039350222,0.048465779
757,0.048414864,0.05061992,0.033680123,0.03970345,0.048430851
758,0.047474187,0.050191322,0.033323038,0.040990842,0.049757124
759,0.047804079,0.049624444,0.032972272,0.041900448,0.050428605
760,0.047139513,0.04775804,0.031623698,0.041713873,0.051856007
761,0.045767927,0.048971476,0.032500599,0.040984195,0.052805356
762,0.04675104,0.049696797,0.03296595,0.040948349,0.05304569
763,0.046787498,0.048983388,0.032548718,0.041204627,0.052330417
764,0.046832319,0.049132651,0.032644318,0.045570083,0.049202421
765,0.045822314,0.047880755,0.031520498,0.046349563,0.051509323
766,0.047598493,0.049172038,0.032584169,0.047101149,0.0529336
767,0.046520956,0.048747103,0.032474641,0.041526646,0.054778602
768,0.046321936,0.048509004,0.032180859,0.039052109,0.049048107
769,0.046485689,0.049228818,0.032772211,0.038135866,0.048304695
770,0.046597449,0.048016295,0.031837702,0.039089293,0.049135178
771,0.046434297,0.049101525,0.032688633,0.038247414,0.047811509
772,0.045904783,0.047286399,0.031326761,0.037600058,0.047993453
773,0.046026106,0.047252515,0.031395772,0.037690347,0.054096159
774,0.046886109,0.047615172,0.031594577,0.037317213,0.048239524
775,0.046762989,0.049093276,0.032529719,0.038709508,0.049222227
776,0.047868029,0.049795697,0.032933654,0.039024227,0.048124825
777,0.046904034,0.047839546,0.03159141,0.038988372,0.048696208
778,0.047923011,0.051187725,0.033992267,0.040518772,0.071224399
779,0.048108278,0.051133685,0.033926415,0.039574635,0.05043277
780,0.047826193,0.050662969,0.033605417,0.04154723,0.049585085
781,0.048288771,0.050513694,0.033543366,0.042454845,0.050091821
782,0.047566218,0.050152854,0.033308476,0.043580231,0.052219901
783,0.047765835,0.050956035,0.033932124,0.04648766,0.118079961
784,0.045782861,0.049071301,0.032523389,0.047621021,0.161905542
785,0.046710404,0.048555704,0.03217643,0.047959629,0.127261786
786,0.046603422,0.048773654,0.032311922,0.047904528,0.124938756
787,0.045632263,0.049157387,0.032524653,0.050657253,0.121880622
788,0.045751787,0.049228824,0.032639251,0.051880242,0.104797521
789,0.046214363,0.049580485,0.032858315,0.051282689,0.050012054
790,0.047590124,0.049368936,0.032734849,0.049167359,0.049592379
791,0.046592069,0.048185719,0.031762992,0.046893999,0.100466403
792,0.046830532,0.048193965,0.031954199,0.043997859,0.124616055
793,0.047119786,0.048200369,0.031925074,0.045388833,0.120916178
794,0.047484021,0.04996569,0.033202877,0.049652537,0.12040988
795,0.047009336,0.048856582,0.032557462,0.052933629,0.116205303
796,0.046420547,0.046794615,0.031008925,0.054136994,0.102626742
797,0.045384849,0.048529148,0.032033979,0.052136527,0.050677274
798,0.046150416,0.04780565,0.031693977,0.062746952,0.04956475
799,0.046387075,0.049376267,0.032686734,0.042289522,0.048586737
800,0.047428767,0.047352334,0.031385009,0.039854163,0.047377239
801,0.047750886,0.04956308,0.032752585,0.039777808,0.047752074
802,0.046569961,0.049910171,0.033074222,0.038957831,0.04876294
803,0.046894481,0.048587748,0.032151732,0.03916565,0.047965297
804,0.047722806,0.04836979,0.032113116,0.039161657,0.049210763
805,0.046085867,0.048087723,0.031772489,0.038125245,0.048603931
806,0.046332092,0.04982409,0.032844377,0.038975094,0.049727932
807,0.046289667,0.048703138,0.032345481,0.037614658,0.048533031
808,0.046174921,0.047109642,0.031067174,0.037714923,0.047959563
809,0.038564557,0.049759068,0.03288364,0.036713024,0.046388787
810,0.045383644,0.048323087,0.031914313,0.038218862,0.048999629
811,0.047026553,0.047586788,0.03147682,0.037294637,0.046700026
812,0.046476728,0.048694903,0.032148571,0.036342538,0.047025853
813,0.047458038,0.048387193,0.032005478,0.03726211,0.047132206
814,0.047380349,0.048041933,0.031825038,0.038107984,0.047743733
815,0.046622541,0.047410954,0.031317266,0.037125339,0.047841739
816,0.046936307,0.048494342,0.032299253,0.036928805,0.047362638
817,0.046472546,0.048590504,0.032080191,0.037109406,0.047258892
818,0.046950056,0.048368871,0.032125777,0.037912777,0.047054007
819,0.046295041,0.049247131,0.032622793,0.037969873,0.047899611
820,0.046366169,0.049233394,0.032653178,0.03791543,0.047918378
821,0.047081537,0.049439457,0.03273548,0.038036274,0.047744774
822,0.046637492,0.04734134,0.03137678,0.038082751,0.047864164
823,0.0473433,0.049143653,0.032508195,0.037912771,0.048399571
824,0.046275924,0.047882583,0.031726908,0.037825807,0.047662404
825,0.046372734,0.050242618,0.033292643,0.037279367,0.047439278
826,0.046601028,0.047674697,0.031754763,0.038051543,0.04666353
827,0.045653779,0.04817199,0.031889625,0.037012468,0.047430932
828,0.047004445,0.050184009,0.033338865,0.037744803,0.047685343
829,0.047690523,0.049979779,0.033102077,0.037890203,0.047509134
830,0.046434292,0.049109769,0.032674073,0.037244839,0.047533637
831,0.046799452,0.049667488,0.032886174,0.038428667,0.048723315
832,0.046939302,0.048382617,0.032064366,0.038750011,0.047952268
833,0.046247835,0.047892658,0.031887728,0.037337136,0.047261498
834,0.04688192,0.048310262,0.031901651,0.037794601,0.048691515
835,0.046420547,0.048714146,0.032292923,0.037683052,0.047325626
836,0.046456405,0.050238031,0.03327428,0.037226252,0.047469513
837,0.046130095,0.047667369,0.031514797,0.038200929,0.047828713
838,0.046234686,0.046527195,0.030854435,0.037954599,0.047050875
839,0.047735352,0.050225207,0.033262262,0.037274059,0.047158277
840,0.047168786,0.049314897,0.032732325,0.03825338,0.048926118
841,0.046132387,0.049573357,0.033160489,0.038521853,0.047609161
842,0.046710405,0.048833196,0.032185921,0.039206149,0.048819239
843,0.046464778,0.048854258,0.032358775,0.037623962,0.048032032
844,0.046861007,0.049530114,0.032902005,0.038135201,0.048622704
845,0.047117988,0.048741606,0.032253672,0.038361607,0.046681255
846,0.047452669,0.04845038,0.032099188,0.037873604,0.046845995
847,0.045828288,0.048550207,0.032087147,0.037805214,0.047156718
848,0.046918972,0.048662845,0.032256841,0.038015019,0.048343266
849,0.045847415,0.04854837,0.032151732,0.037385607,0.047780224
850,0.04637752,0.047472302,0.031390079,0.036794028,0.045649535
851,0.047092295,0.048114282,0.031825667,0.036927481,0.045808546
852,0.047238118,0.047284557,0.031227364,0.03763857,0.046131773
853,0.046730127,0.048547455,0.032216316,0.038698897,0.047815156
854,0.046422339,0.049900093,0.033124858,0.039105894,0.049122141
855,0.046353015,0.04942113,0.032895665,0.038106646,0.04792203
856,0.0455725,0.048628045,0.032301787,0.038105989,0.047413733
857,0.045971721,0.048078572,0.031771858,0.03762329,0.047003955
858,0.046207787,0.047307453,0.031471752,0.037782647,0.048034635
859,0.046486886,0.047534574,0.031459729,0.036513834,0.046178692
860,0.047052253,0.048886308,0.032368274,0.037449343,0.048106582
861,0.046294449,0.049384508,0.032814637,0.036903572,0.048066436
862,0.047152054,0.047907308,0.031750961,0.037201689,0.045857551
863,0.047622995,0.04945411,0.032746253,0.037729533,0.04719372
864,0.046958423,0.049208672,0.032667114,0.037181768,0.047253679
865,0.048312072,0.050190404,0.033232492,0.037988471,0.047594638
866,0.047730568,0.049554842,0.032802596,0.039456451,0.048469952
867,0.046684703,0.050565894,0.033652905,0.039983634,0.050629834
868,0.046930928,0.048713213,0.032315722,0.039203492,0.049713337
869,0.046085273,0.047831299,0.031790214,0.038893426,0.048769717
870,0.047358247,0.047723234,0.031650922,0.037609354,0.046290777
871,0.046848456,0.049526454,0.0327912,0.038140509,0.048328144
872,0.047446692,0.049582322,0.032991908,0.037515071,0.047482542
873,0.046413972,0.048345981,0.031987118,0.038456549,0.04857213
874,0.046934079,0.049041887,0.032416061,0.037438984,0.047966203
875,0.046535277,0.047285684,0.031253837,0.037662258,0.04753791
876,0.046508399,0.04778643,0.031713601,0.037534992,0.047591507
877,0.047259029,0.048624394,0.03231952,0.037422782,0.048026815
878,0.045892667,0.048674753,0.032302306,0.03751652,0.047907337
