1.0,0.0
2.0,0.0
3.0,0.0
4.0,0.0
5.0,0.0
6.0,0.0
7.0,0.0
8.0,0.0
9.0,0.0
10.0,0.0
11.0,0.0
12.0,0.0
13.0,0.0
14.0,0.0
15.0,0.0
16.0,0.0
17.0,0.0
18.0,0.0
19.0,0.0
20.0,0.0
21.0,0.0
22.0,0.0
23.0,0.0
24.0,0.0
25.0,0.0
26.0,0.0
27.0,0.0
28.0,0.0
29.0,0.0
30.0,0.0
31.0,0.0
32.0,0.0
33.0,0.0
34.0,0.0
35.0,0.0
36.0,0.0
37.0,0.0
38.0,0.0
39.0,0.0
40.0,0.0
41.0,0.0
42.0,0.0
43.0,5.9
44.0,5.9
45.0,5.9
46.0,7.5
47.0,7.5
48.0,7.5
49.0,3.5
50.0,3.5
51.0,3.5
52.0,0.0
53.0,0.0
54.0,0.0
55.0,0.0
56.0,0.0
57.0,0.0
58.0,0.0
59.0,0.0
60.0,0.0
61.0,0.0
62.0,0.0
63.0,0.0
64.0,0.1
65.0,0.1
66.0,0.1
67.0,0.0
68.0,0.0
69.0,0.0
70.0,0.0
71.0,0.0
72.0,0.0
73.0,3.0
74.0,3.0
75.0,3.0
76.0,6.3
77.0,6.3
78.0,6.3
79.0,8.3
80.0,8.3
81.0,8.3
82.0,10.0
83.0,10.0
84.0,10.0
85.0,10.8
86.0,10.8
87.0,10.8
88.0,9.8
89.0,9.8
90.0,9.8
91.0,10.3
92.0,10.3
93.0,10.3
94.0,9.5
95.0,9.5
96.0,9.5
97.0,10.0
98.0,10.0
99.0,10.0
100.0,9.6
101.0,9.6
102.0,9.6
103.0,9.1
104.0,9.1
105.0,9.1
106.0,9.0
107.0,9.0
108.0,9.0
109.0,8.1
110.0,8.1
111.0,8.1
112.0,8.1
113.0,8.1
114.0,8.1
115.0,7.9
116.0,7.9
117.0,7.9
118.0,6.8
119.0,6.8
120.0,6.8
121.0,6.5
122.0,6.5
123.0,6.5
124.0,6.0
125.0,6.0
126.0,6.0
127.0,6.5
128.0,6.5
129.0,6.5
130.0,5.5
131.0,5.5
132.0,5.5
133.0,4.9
134.0,4.9
135.0,4.9
136.0,5.0
137.0,5.0
138.0,5.0
139.0,4.6
140.0,4.6
141.0,4.6
142.0,4.5
143.0,4.5
144.0,4.5
145.0,5.0
146.0,5.0
147.0,5.0
148.0,4.6
149.0,4.6
150.0,4.6
151.0,4.8
152.0,4.8
153.0,4.8
154.0,4.0
155.0,4.0
156.0,4.0
157.0,4.0
158.0,4.0
159.0,4.0
160.0,4.6
161.0,4.6
162.0,4.6
163.0,4.4
164.0,4.4
165.0,4.4
166.0,4.4
167.0,4.4
168.0,4.4
169.0,4.6
170.0,4.6
171.0,4.6
172.0,5.0
173.0,5.0
174.0,5.0
175.0,5.0
176.0,5.0
177.0,5.0
178.0,4.1
179.0,4.1
180.0,4.1
181.0,3.9
182.0,3.9
183.0,3.9
184.0,5.3
185.0,5.3
186.0,5.3
187.0,5.0
188.0,5.0
189.0,5.0
190.0,4.4
191.0,4.4
192.0,4.4
193.0,4.3
194.0,4.3
195.0,4.3
196.0,4.8
197.0,4.8
198.0,4.8
199.0,4.0
200.0,4.0
201.0,4.0
202.0,4.5
203.0,4.5
204.0,4.5
205.0,4.5
206.0,4.5
207.0,4.5
208.0,3.9
209.0,3.9
210.0,3.9
211.0,4.9
212.0,4.9
213.0,4.9
214.0,4.0
215.0,4.0
216.0,4.0
217.0,3.9
218.0,3.9
219.0,3.9
220.0,4.0
221.0,4.0
222.0,4.0
223.0,3.7
224.0,3.7
225.0,3.7
226.0,3.0
227.0,3.0
228.0,3.0
229.0,4.1
230.0,4.1
231.0,4.1
232.0,4.5
233.0,4.5
234.0,4.5
235.0,4.5
236.0,4.5
237.0,4.5
238.0,4.1
239.0,4.1
240.0,4.1
241.0,3.9
242.0,3.9
243.0,3.9
244.0,4.0
245.0,4.0
246.0,4.0
247.0,4.3
248.0,4.3
249.0,4.3
250.0,2.9
251.0,2.9
252.0,2.9
253.0,3.9
254.0,3.9
255.0,3.9
256.0,4.1
257.0,4.1
258.0,4.1
259.0,3.7
260.0,3.7
261.0,3.7
262.0,4.5
263.0,4.5
264.0,4.5
265.0,3.5
266.0,3.5
267.0,3.5
268.0,4.5
269.0,4.5
270.0,4.5
271.0,4.5
272.0,4.5
273.0,4.5
274.0,7.9
275.0,7.9
276.0,7.9
277.0,11.1
278.0,11.1
279.0,11.1
280.0,8.3
281.0,8.3
282.0,8.3
283.0,7.0
284.0,7.0
285.0,7.0
286.0,7.3
287.0,7.3
288.0,7.3
289.0,7.1
290.0,7.1
291.0,7.1
292.0,7.5
293.0,7.5
294.0,7.5
295.0,5.9
296.0,5.9
297.0,5.9
298.0,8.0
299.0,8.0
300.0,8.0
301.0,6.5
302.0,6.5
303.0,6.5
304.0,7.0
305.0,7.0
306.0,7.0
307.0,7.3
308.0,7.3
309.0,7.3
310.0,7.5
311.0,7.5
312.0,7.5
313.0,8.1
314.0,8.1
315.0,8.1
316.0,8.1
317.0,8.1
318.0,8.1
319.0,7.4
320.0,7.4
321.0,7.4
322.0,7.8
323.0,7.8
324.0,7.8
325.0,7.0
326.0,7.0
327.0,7.0
328.0,8.3
329.0,8.3
330.0,8.3
331.0,7.5
332.0,7.5
333.0,7.5
334.0,7.8
335.0,7.8
336.0,7.8
337.0,8.3
338.0,8.3
339.0,8.3
340.0,7.3
341.0,7.3
342.0,7.3
343.0,7.5
344.0,7.5
345.0,7.5
346.0,6.8
347.0,6.8
348.0,6.8
349.0,8.0
350.0,8.0
351.0,8.0
352.0,7.5
353.0,7.5
354.0,7.5
355.0,7.3
356.0,7.3
357.0,7.3
358.0,7.5
359.0,7.5
360.0,7.5
361.0,6.9
362.0,6.9
363.0,6.9
364.0,8.1
365.0,8.1
366.0,8.1
367.0,6.8
368.0,6.8
369.0,6.8
370.0,7.5
371.0,7.5
372.0,7.5
373.0,7.5
374.0,7.5
375.0,7.5
376.0,7.8
377.0,7.8
378.0,7.8
379.0,6.6
380.0,6.6
381.0,6.6
382.0,7.6
383.0,7.6
384.0,7.6
385.0,7.9
386.0,7.9
387.0,7.9
388.0,6.3
389.0,6.3
390.0,6.3
391.0,6.9
392.0,6.9
393.0,6.9
394.0,5.8
395.0,5.8
396.0,5.8
397.0,5.9
398.0,5.9
399.0,5.9
400.0,5.4
401.0,5.4
402.0,5.4
403.0,6.3
404.0,6.3
405.0,6.3
406.0,4.9
407.0,4.9
408.0,4.9
409.0,5.6
410.0,5.6
411.0,5.6
412.0,5.6
413.0,5.6
414.0,5.6
415.0,5.0
416.0,5.0
417.0,5.0
418.0,6.0
419.0,6.0
420.0,6.0
421.0,5.9
422.0,5.9
423.0,5.9
424.0,5.9
425.0,5.9
426.0,5.9
427.0,5.9
428.0,5.9
429.0,5.9
430.0,6.3
431.0,6.3
432.0,6.3
433.0,5.4
434.0,5.4
435.0,5.4
436.0,5.3
437.0,5.3
438.0,5.3
439.0,6.0
440.0,6.0
441.0,6.0
442.0,5.9
443.0,5.9
444.0,5.9
445.0,6.6
446.0,6.6
447.0,6.6
448.0,6.0
449.0,6.0
450.0,6.0
451.0,5.5
452.0,5.5
453.0,5.5
454.0,5.9
455.0,5.9
456.0,5.9
457.0,5.9
458.0,5.9
459.0,5.9
460.0,6.0
461.0,6.0
462.0,6.0
463.0,5.9
464.0,5.9
465.0,5.9
466.0,5.5
467.0,5.5
468.0,5.5
469.0,5.9
470.0,5.9
471.0,5.9
472.0,5.8
473.0,5.8
474.0,5.8
475.0,5.5
476.0,5.5
477.0,5.5
478.0,6.3
479.0,6.3
480.0,6.3
481.0,6.3
482.0,6.3
483.0,6.3
484.0,5.9
485.0,5.9
486.0,5.9
487.0,5.4
488.0,5.4
489.0,5.4
490.0,5.8
491.0,5.8
492.0,5.8
493.0,5.6
494.0,5.6
495.0,5.6
496.0,5.6
497.0,5.6
498.0,5.6
499.0,5.6
500.0,5.6
501.0,5.6
502.0,6.0
503.0,6.0
504.0,6.0
505.0,5.4
506.0,5.4
507.0,5.4
508.0,6.0
509.0,6.0
510.0,6.0
511.0,5.5
512.0,5.5
513.0,5.5
514.0,5.4
515.0,5.4
516.0,5.4
517.0,5.0
518.0,5.0
519.0,5.0
520.0,6.1
521.0,6.1
522.0,6.1
523.0,5.3
524.0,5.3
525.0,5.3
526.0,5.5
527.0,5.5
528.0,5.5
529.0,6.0
530.0,6.0
531.0,6.0
532.0,5.3
533.0,5.3
534.0,5.3
535.0,5.9
536.0,5.9
537.0,5.9
538.0,4.8
539.0,4.8
540.0,4.8
541.0,5.5
542.0,5.5
543.0,5.5
544.0,6.0
545.0,6.0
546.0,6.0
547.0,5.3
548.0,5.3
549.0,5.3
550.0,5.8
551.0,5.8
552.0,5.8
553.0,5.9
554.0,5.9
555.0,5.9
556.0,5.5
557.0,5.5
558.0,5.5
559.0,6.0
560.0,6.0
561.0,6.0
562.0,5.6
563.0,5.6
564.0,5.6
565.0,5.1
566.0,5.1
567.0,5.1
568.0,6.0
569.0,6.0
570.0,6.0
571.0,5.4
572.0,5.4
573.0,5.4
574.0,5.9
575.0,5.9
576.0,5.9
577.0,5.0
578.0,5.0
579.0,5.0
580.0,5.6
581.0,5.6
582.0,5.6
583.0,5.4
584.0,5.4
585.0,5.4
586.0,5.9
587.0,5.9
588.0,5.9
589.0,5.6
590.0,5.6
591.0,5.6
592.0,5.5
593.0,5.5
594.0,5.5
595.0,5.4
596.0,5.4
597.0,5.4
598.0,5.4
599.0,5.4
600.0,5.4
601.0,5.0
602.0,5.0
603.0,5.0
604.0,5.6
605.0,5.6
606.0,5.6
607.0,5.3
608.0,5.3
609.0,5.3
610.0,5.8
611.0,5.8
612.0,5.8
613.0,5.5
614.0,5.5
615.0,5.5
616.0,6.1
617.0,6.1
618.0,6.1
619.0,6.8
620.0,6.8
621.0,6.8
622.0,6.8
623.0,6.8
624.0,6.8
625.0,6.0
626.0,6.0
627.0,6.0
628.0,6.1
629.0,6.1
630.0,6.1
631.0,6.5
632.0,6.5
633.0,6.5
634.0,6.0
635.0,6.0
636.0,6.0
637.0,6.1
638.0,6.1
639.0,6.1
640.0,7.0
641.0,7.0
642.0,7.0
643.0,7.5
644.0,7.5
645.0,7.5
646.0,6.5
647.0,6.5
648.0,6.5
649.0,6.9
650.0,6.9
651.0,6.9
652.0,7.3
653.0,7.3
654.0,7.3
655.0,6.6
656.0,6.6
657.0,6.6
658.0,7.0
659.0,7.0
660.0,7.0
661.0,6.5
662.0,6.5
663.0,6.5
664.0,7.1
665.0,7.1
666.0,7.1
667.0,7.0
668.0,7.0
669.0,7.0
670.0,7.5
671.0,7.5
672.0,7.5
673.0,6.3
674.0,6.3
675.0,6.3
676.0,7.0
677.0,7.0
678.0,7.0
679.0,7.0
680.0,7.0
681.0,7.0
682.0,7.5
683.0,7.5
684.0,7.5
685.0,6.8
686.0,6.8
687.0,6.8
688.0,6.8
689.0,6.8
690.0,6.8
691.0,7.1
692.0,7.1
693.0,7.1
694.0,7.3
695.0,7.3
696.0,7.3
697.0,7.6
698.0,7.6
699.0,7.6
700.0,8.1
701.0,8.1
702.0,8.1
703.0,6.5
704.0,6.5
705.0,6.5
706.0,7.5
707.0,7.5
708.0,7.5
709.0,8.1
710.0,8.1
711.0,8.1
712.0,6.8
713.0,6.8
714.0,6.8
715.0,7.5
716.0,7.5
717.0,7.5
718.0,6.8
719.0,6.8
720.0,6.8
721.0,8.0
722.0,8.0
723.0,8.0
724.0,7.0
725.0,7.0
726.0,7.0
727.0,6.5
728.0,6.5
729.0,6.5
730.0,7.5
731.0,7.5
732.0,7.5
733.0,6.0
734.0,6.0
735.0,6.0
736.0,7.5
737.0,7.5
738.0,7.5
739.0,7.6
740.0,7.6
741.0,7.6
742.0,7.3
743.0,7.3
744.0,7.3
745.0,7.5
746.0,7.5
747.0,7.5
748.0,7.4
749.0,7.4
750.0,7.4
751.0,7.4
752.0,7.4
753.0,7.4
754.0,7.8
755.0,7.8
756.0,7.8
757.0,6.8
758.0,6.8
759.0,6.8
760.0,7.8
761.0,7.8
762.0,7.8
763.0,7.5
764.0,7.5
765.0,7.5
766.0,7.5
767.0,7.5
768.0,7.5
769.0,7.0
770.0,7.0
771.0,7.0
772.0,6.8
773.0,6.8
774.0,6.8
775.0,7.5
776.0,7.5
777.0,7.5
778.0,7.3
779.0,7.3
780.0,7.3
781.0,6.8
782.0,6.8
783.0,6.8
784.0,7.5
785.0,7.5
786.0,7.5
787.0,7.0
788.0,7.0
789.0,7.0
790.0,7.1
791.0,7.1
792.0,7.1
793.0,7.1
794.0,7.1
795.0,7.1
796.0,7.3
797.0,7.3
798.0,7.3
799.0,7.5
800.0,7.5
801.0,7.5
802.0,7.4
803.0,7.4
804.0,7.4
805.0,7.0
806.0,7.0
807.0,7.0
808.0,7.3
809.0,7.3
810.0,7.3
811.0,7.0
812.0,7.0
813.0,7.0
814.0,7.4
815.0,7.4
816.0,7.4
817.0,7.1
818.0,7.1
819.0,7.1
820.0,7.3
821.0,7.3
822.0,7.3
823.0,6.9
824.0,6.9
825.0,6.9
826.0,6.1
827.0,6.1
828.0,6.1
829.0,6.6
830.0,6.6
831.0,6.6
832.0,6.6
833.0,6.6
834.0,6.6
835.0,6.5
836.0,6.5
837.0,6.5
838.0,6.6
839.0,6.6
840.0,6.6
841.0,6.4
842.0,6.4
843.0,6.4
844.0,6.4
845.0,6.4
846.0,6.4
847.0,6.5
848.0,6.5
849.0,6.5
850.0,6.5
851.0,6.5
852.0,6.5
853.0,6.4
854.0,6.4
855.0,6.4
856.0,5.9
857.0,5.9
858.0,5.9
859.0,6.6
860.0,6.6
861.0,6.6
862.0,6.0
863.0,6.0
864.0,6.0
865.0,6.3
866.0,6.3
867.0,6.3
868.0,6.9
869.0,6.9
870.0,6.9
871.0,6.6
872.0,6.6
873.0,6.6
874.0,6.3
875.0,6.3
876.0,6.3
877.0,6.4
878.0,6.4
879.0,6.4
880.0,6.6
881.0,6.6
882.0,6.6
883.0,7.0
884.0,7.0
885.0,7.0
886.0,6.0
887.0,6.0
888.0,6.0
889.0,6.1
890.0,6.1
891.0,6.1
892.0,6.5
893.0,6.5
894.0,6.5
895.0,6.9
896.0,6.9
897.0,6.9
898.0,6.6
899.0,6.6
900.0,6.6
901.0,7.3
902.0,7.3
903.0,7.3
904.0,6.8
905.0,6.8
906.0,6.8
907.0,6.3
908.0,6.3
909.0,6.3
910.0,6.3
911.0,6.3
912.0,6.3
913.0,6.8
914.0,6.8
915.0,6.8
916.0,6.5
917.0,6.5
918.0,6.5
919.0,6.5
920.0,6.5
921.0,6.5
922.0,7.0
923.0,7.0
924.0,7.0
925.0,6.6
926.0,6.6
927.0,6.6
928.0,6.3
929.0,6.3
930.0,6.3
931.0,6.5
932.0,6.5
933.0,6.5
934.0,6.3
935.0,6.3
936.0,6.3
937.0,6.5
938.0,6.5
939.0,6.5
940.0,6.4
941.0,6.4
942.0,6.4
943.0,6.6
944.0,6.6
945.0,6.6
946.0,6.5
947.0,6.5
948.0,6.5
949.0,5.6
950.0,5.6
951.0,5.6
952.0,5.5
953.0,5.5
954.0,5.5
955.0,5.9
956.0,5.9
957.0,5.9
958.0,6.0
959.0,6.0
960.0,6.0
961.0,6.0
962.0,6.0
963.0,6.0
964.0,6.1
965.0,6.1
966.0,6.1
967.0,5.8
968.0,5.8
969.0,5.8
970.0,6.4
971.0,6.4
972.0,6.4
973.0,5.6
974.0,5.6
975.0,5.6
976.0,6.4
977.0,6.4
978.0,6.4
979.0,5.6
980.0,5.6
981.0,5.6
982.0,6.0
983.0,6.0
984.0,6.0
985.0,6.6
986.0,6.6
987.0,6.6
988.0,5.6
989.0,5.6
990.0,5.6
991.0,6.0
992.0,6.0
993.0,6.0
994.0,6.5
995.0,6.5
996.0,6.5
997.0,6.5
998.0,6.5
999.0,6.5
1000.0,5.8
1001.0,5.8
1002.0,5.8
1003.0,6.5
1004.0,6.5
1005.0,6.5
1006.0,6.4
1007.0,6.4
1008.0,6.4
1009.0,6.0
1010.0,6.0
1011.0,6.0
1012.0,6.5
1013.0,6.5
1014.0,6.5
1015.0,5.9
1016.0,5.9
1017.0,5.9
1018.0,6.3
1019.0,6.3
1020.0,6.3
1021.0,6.0
1022.0,6.0
1023.0,6.0
1024.0,6.6
1025.0,6.6
1026.0,6.6
1027.0,6.6
1028.0,6.6
1029.0,6.6
1030.0,6.3
1031.0,6.3
1032.0,6.3
1033.0,6.1
1034.0,6.1
1035.0,6.1
1036.0,6.1
1037.0,6.1
1038.0,6.1
1039.0,6.5
1040.0,6.5
1041.0,6.5
1042.0,6.6
1043.0,6.6
1044.0,6.6
1045.0,6.6
1046.0,6.6
1047.0,6.6
1048.0,6.3
1049.0,6.3
1050.0,6.3
1051.0,6.0
1052.0,6.0
1053.0,6.0
1054.0,6.4
1055.0,6.4
1056.0,6.4
1057.0,5.5
1058.0,5.5
1059.0,5.5
1060.0,6.4
1061.0,6.4
1062.0,6.4
1063.0,5.8
1064.0,5.8
1065.0,5.8
1066.0,6.4
1067.0,6.4
1068.0,6.4
1069.0,7.0
1070.0,7.0
1071.0,7.0
1072.0,6.1
1073.0,6.1
1074.0,6.1
1075.0,6.4
1076.0,6.4
1077.0,6.4
1078.0,5.9
1079.0,5.9
1080.0,5.9
1081.0,6.3
1082.0,6.3
1083.0,6.3
1084.0,5.5
1085.0,5.5
1086.0,5.5
1087.0,6.0
1088.0,6.0
1089.0,6.0
1090.0,5.5
1091.0,5.5
1092.0,5.5
1093.0,5.9
1094.0,5.9
1095.0,5.9
1096.0,5.5
1097.0,5.5
1098.0,5.5
1099.0,6.0
1100.0,6.0
1101.0,6.0
1102.0,5.3
1103.0,5.3
1104.0,5.3
1105.0,5.5
1106.0,5.5
1107.0,5.5
1108.0,6.5
1109.0,6.5
1110.0,6.5
1111.0,6.0
1112.0,6.0
1113.0,6.0
1114.0,6.0
1115.0,6.0
1116.0,6.0
1117.0,6.0
1118.0,6.0
1119.0,6.0
1120.0,5.9
1121.0,5.9
1122.0,5.9
1123.0,6.3
1124.0,6.3
1125.0,6.3
1126.0,5.8
1127.0,5.8
1128.0,5.8
1129.0,6.1
1130.0,6.1
1131.0,6.1
1132.0,6.5
1133.0,6.5
1134.0,6.5
1135.0,6.0
1136.0,6.0
1137.0,6.0
1138.0,6.3
1139.0,6.3
1140.0,6.3
1141.0,5.9
1142.0,5.9
1143.0,5.9
1144.0,5.9
1145.0,5.9
1146.0,5.9
1147.0,6.1
1148.0,6.1
1149.0,6.1
1150.0,5.5
1151.0,5.5
1152.0,5.5
1153.0,6.4
1154.0,6.4
1155.0,6.4
1156.0,6.0
1157.0,6.0
1158.0,6.0
1159.0,5.6
1160.0,5.6
1161.0,5.6
1162.0,5.5
1163.0,5.5
1164.0,5.5
1165.0,6.5
1166.0,6.5
1167.0,6.5
1168.0,5.3
1169.0,5.3
1170.0,5.3
1171.0,6.1
1172.0,6.1
1173.0,6.1
1174.0,5.9
1175.0,5.9
1176.0,5.9
1177.0,5.9
1178.0,5.9
1179.0,5.9
1180.0,6.3
1181.0,6.3
1182.0,6.3
1183.0,5.6
1184.0,5.6
1185.0,5.6
1186.0,6.0
1187.0,6.0
1188.0,6.0
1189.0,6.9
1190.0,6.9
1191.0,6.9
1192.0,6.4
1193.0,6.4
1194.0,6.4
1195.0,5.6
1196.0,5.6
1197.0,5.6
1198.0,6.5
1199.0,6.5
1200.0,6.5
1201.0,6.1
1202.0,6.1
1203.0,6.1
1204.0,6.0
1205.0,6.0
1206.0,6.0
1207.0,5.6
1208.0,5.6
1209.0,5.6
1210.0,5.8
1211.0,5.8
1212.0,5.8
1213.0,5.5
1214.0,5.5
1215.0,5.5
1216.0,6.0
1217.0,6.0
1218.0,6.0
1219.0,6.0
1220.0,6.0
1221.0,6.0
1222.0,6.5
1223.0,6.5
1224.0,6.5
1225.0,5.9
1226.0,5.9
1227.0,5.9
1228.0,6.4
1229.0,6.4
1230.0,6.4
1231.0,5.5
1232.0,5.5
1233.0,5.5
1234.0,6.5
1235.0,6.5
1236.0,6.5
1237.0,6.3
1238.0,6.3
1239.0,6.3
1240.0,5.9
1241.0,5.9
1242.0,5.9
1243.0,5.5
1244.0,5.5
1245.0,5.5
1246.0,5.5
1247.0,5.5
1248.0,5.5
1249.0,6.1
1250.0,6.1
1251.0,6.1
1252.0,6.3
1253.0,6.3
1254.0,6.3
1255.0,5.8
1256.0,5.8
1257.0,5.8
1258.0,5.5
1259.0,5.5
1260.0,5.5
1261.0,6.0
1262.0,6.0
1263.0,6.0
1264.0,6.0
1265.0,6.0
1266.0,6.0
1267.0,6.0
1268.0,6.0
1269.0,6.0
1270.0,5.9
1271.0,5.9
1272.0,5.9
1273.0,5.3
1274.0,5.3
1275.0,5.3
1276.0,5.5
1277.0,5.5
1278.0,5.5
1279.0,6.3
1280.0,6.3
1281.0,6.3
1282.0,5.3
1283.0,5.3
1284.0,5.3
1285.0,5.6
1286.0,5.6
1287.0,5.6
1288.0,5.6
1289.0,5.6
1290.0,5.6
1291.0,5.8
1292.0,5.8
1293.0,5.8
1294.0,5.5
1295.0,5.5
1296.0,5.5
1297.0,6.0
1298.0,6.0
1299.0,6.0
1300.0,5.4
1301.0,5.4
1302.0,5.4
1303.0,6.1
1304.0,6.1
1305.0,6.1
1306.0,5.5
1307.0,5.5
1308.0,5.5
1309.0,5.5
1310.0,5.5
1311.0,5.5
1312.0,5.9
1313.0,5.9
1314.0,5.9
1315.0,5.4
1316.0,5.4
1317.0,5.4
1318.0,5.5
1319.0,5.5
1320.0,5.5
1321.0,6.0
1322.0,6.0
1323.0,6.0
1324.0,5.4
1325.0,5.4
1326.0,5.4
1327.0,5.8
1328.0,5.8
1329.0,5.8
1330.0,5.9
1331.0,5.9
1332.0,5.9
1333.0,5.4
1334.0,5.4
1335.0,5.4
1336.0,5.8
1337.0,5.8
1338.0,5.8
1339.0,6.3
1340.0,6.3
1341.0,6.3
1342.0,5.5
1343.0,5.5
1344.0,5.5
1345.0,5.5
1346.0,5.5
1347.0,5.5
1348.0,5.5
1349.0,5.5
1350.0,5.5
1351.0,5.3
1352.0,5.3
1353.0,5.3
1354.0,5.0
1355.0,5.0
1356.0,5.0
1357.0,5.5
1358.0,5.5
1359.0,5.5
1360.0,5.1
1361.0,5.1
1362.0,5.1
1363.0,6.6
1364.0,6.6
1365.0,6.6
1366.0,5.3
1367.0,5.3
1368.0,5.3
1369.0,6.0
1370.0,6.0
1371.0,6.0
1372.0,5.0
1373.0,5.0
1374.0,5.0
1375.0,5.5
1376.0,5.5
1377.0,5.5
1378.0,5.8
1379.0,5.8
1380.0,5.8
1381.0,5.0
1382.0,5.0
1383.0,5.0
1384.0,5.0
1385.0,5.0
1386.0,5.0
1387.0,4.8
1388.0,4.8
1389.0,4.8
1390.0,5.4
1391.0,5.4
1392.0,5.4
1393.0,5.3
1394.0,5.3
1395.0,5.3
1396.0,5.0
1397.0,5.0
1398.0,5.0
1399.0,6.0
1400.0,6.0
1401.0,6.0
1402.0,5.0
1403.0,5.0
1404.0,5.0
1405.0,5.8
1406.0,5.8
1407.0,5.8
1408.0,5.0
1409.0,5.0
1410.0,5.0
1411.0,5.3
1412.0,5.3
1413.0,5.3
1414.0,5.0
1415.0,5.0
1416.0,5.0
1417.0,5.9
1418.0,5.9
1419.0,5.9
1420.0,5.9
1421.0,5.9
1422.0,5.9
1423.0,4.8
1424.0,4.8
1425.0,4.8
1426.0,5.1
1427.0,5.1
1428.0,5.1
1429.0,5.3
1430.0,5.3
1431.0,5.3
1432.0,5.0
1433.0,5.0
1434.0,5.0
1435.0,4.8
1436.0,4.8
1437.0,4.8
1438.0,5.0
1439.0,5.0
1440.0,5.0
1441.0,5.1
1442.0,5.1
1443.0,5.1
1444.0,4.9
1445.0,4.9
1446.0,4.9
1447.0,4.5
1448.0,4.5
1449.0,4.5
1450.0,6.0
1451.0,6.0
1452.0,6.0
1453.0,4.9
1454.0,4.9
1455.0,4.9
1456.0,4.6
1457.0,4.6
1458.0,4.6
1459.0,4.5
1460.0,4.5
1461.0,4.5
1462.0,5.0
1463.0,5.0
1464.0,5.0
1465.0,5.1
1466.0,5.1
1467.0,5.1
1468.0,4.4
1469.0,4.4
1470.0,4.4
1471.0,5.0
1472.0,5.0
1473.0,5.0
1474.0,5.0
1475.0,5.0
1476.0,5.0
1477.0,4.8
1478.0,4.8
1479.0,4.8
1480.0,5.3
1481.0,5.3
1482.0,5.3
1483.0,4.8
1484.0,4.8
1485.0,4.8
1486.0,5.0
1487.0,5.0
1488.0,5.0
1489.0,5.3
1490.0,5.3
1491.0,5.3
1492.0,5.9
1493.0,5.9
1494.0,5.9
1495.0,5.3
1496.0,5.3
1497.0,5.3
1498.0,5.4
1499.0,5.4
1500.0,5.4
1501.0,5.9
1502.0,5.9
1503.0,5.9
1504.0,5.0
1505.0,5.0
1506.0,5.0
1507.0,5.4
1508.0,5.4
1509.0,5.4
1510.0,4.8
1511.0,4.8
1512.0,4.8
1513.0,5.0
1514.0,5.0
1515.0,5.0
1516.0,5.0
1517.0,5.0
1518.0,5.0
1519.0,5.4
1520.0,5.4
1521.0,5.4
1522.0,5.6
1523.0,5.6
1524.0,5.6
1525.0,5.0
1526.0,5.0
1527.0,5.0
1528.0,5.0
1529.0,5.0
1530.0,5.0
1531.0,5.4
1532.0,5.4
1533.0,5.4
1534.0,5.0
1535.0,5.0
1536.0,5.0
1537.0,5.8
1538.0,5.8
1539.0,5.8
1540.0,5.5
1541.0,5.5
1542.0,5.5
1543.0,5.3
1544.0,5.3
1545.0,5.3
1546.0,5.4
1547.0,5.4
1548.0,5.4
1549.0,4.6
1550.0,4.6
1551.0,4.6
1552.0,4.9
1553.0,4.9
1554.0,4.9
1555.0,5.5
1556.0,5.5
1557.0,5.5
1558.0,5.1
1559.0,5.1
1560.0,5.1
1561.0,5.0
1562.0,5.0
1563.0,5.0
1564.0,5.3
1565.0,5.3
1566.0,5.3
1567.0,5.0
1568.0,5.0
1569.0,5.0
1570.0,5.0
1571.0,5.0
1572.0,5.0
1573.0,5.0
1574.0,5.0
1575.0,5.0
1576.0,5.0
1577.0,5.0
1578.0,5.0
1579.0,5.3
1580.0,5.3
1581.0,5.3
1582.0,5.4
1583.0,5.4
1584.0,5.4
1585.0,4.8
1586.0,4.8
1587.0,4.8
1588.0,5.0
1589.0,5.0
1590.0,5.0
1591.0,4.9
1592.0,4.9
1593.0,4.9
1594.0,5.4
1595.0,5.4
1596.0,5.4
1597.0,5.0
1598.0,5.0
1599.0,5.0
1600.0,5.3
1601.0,5.3
1602.0,5.3
1603.0,5.5
1604.0,5.5
1605.0,5.5
1606.0,4.5
1607.0,4.5
1608.0,4.5
1609.0,4.9
1610.0,4.9
1611.0,4.9
1612.0,5.4
1613.0,5.4
1614.0,5.4
1615.0,5.3
1616.0,5.3
1617.0,5.3
1618.0,5.0
1619.0,5.0
1620.0,5.0
1621.0,5.5
1622.0,5.5
1623.0,5.5
1624.0,5.4
1625.0,5.4
1626.0,5.4
1627.0,4.8
1628.0,4.8
1629.0,4.8
1630.0,5.5
1631.0,5.5
1632.0,5.5
1633.0,4.8
1634.0,4.8
1635.0,4.8
1636.0,5.1
1637.0,5.1
1638.0,5.1
1639.0,6.1
1640.0,6.1
1641.0,6.1
1642.0,5.3
1643.0,5.3
1644.0,5.3
1645.0,5.6
1646.0,5.6
1647.0,5.6
1648.0,4.9
1649.0,4.9
1650.0,4.9
1651.0,4.6
1652.0,4.6
1653.0,4.6
1654.0,5.5
1655.0,5.5
1656.0,5.5
1657.0,4.9
1658.0,4.9
1659.0,4.9
1660.0,4.8
1661.0,4.8
1662.0,4.8
1663.0,6.1
1664.0,6.1
1665.0,6.1
1666.0,5.5
1667.0,5.5
1668.0,5.5
1669.0,5.5
1670.0,5.5
1671.0,5.5
1672.0,5.0
1673.0,5.0
1674.0,5.0
1675.0,5.6
1676.0,5.6
1677.0,5.6
1678.0,5.9
1679.0,5.9
1680.0,5.9
1681.0,4.9
1682.0,4.9
1683.0,4.9
1684.0,4.8
1685.0,4.8
1686.0,4.8
1687.0,5.3
1688.0,5.3
1689.0,5.3
1690.0,4.8
1691.0,4.8
1692.0,4.8
1693.0,5.6
1694.0,5.6
1695.0,5.6
1696.0,5.0
1697.0,5.0
1698.0,5.0
1699.0,5.0
1700.0,5.0
1701.0,5.0
1702.0,5.4
1703.0,5.4
1704.0,5.4
1705.0,4.8
1706.0,4.8
1707.0,4.8
1708.0,5.0
1709.0,5.0
1710.0,5.0
1711.0,5.3
1712.0,5.3
1713.0,5.3
1714.0,5.0
1715.0,5.0
1716.0,5.0
1717.0,5.0
1718.0,5.0
1719.0,5.0
1720.0,4.5
1721.0,4.5
1722.0,4.5
1723.0,5.3
1724.0,5.3
1725.0,5.3
1726.0,5.4
1727.0,5.4
1728.0,5.4
1729.0,4.8
1730.0,4.8
1731.0,4.8
1732.0,5.0
1733.0,5.0
1734.0,5.0
1735.0,5.6
1736.0,5.6
1737.0,5.6
1738.0,5.4
1739.0,5.4
1740.0,5.4
1741.0,5.6
1742.0,5.6
1743.0,5.6
1744.0,4.8
1745.0,4.8
1746.0,4.8
1747.0,5.1
1748.0,5.1
1749.0,5.1
1750.0,5.3
1751.0,5.3
1752.0,5.3
1753.0,5.4
1754.0,5.4
1755.0,5.4
1756.0,5.3
1757.0,5.3
1758.0,5.3
1759.0,5.8
1760.0,5.8
1761.0,5.8
1762.0,5.3
1763.0,5.3
1764.0,5.3
1765.0,5.0
1766.0,5.0
1767.0,5.0
1768.0,5.5
1769.0,5.5
1770.0,5.5
1771.0,4.9
1772.0,4.9
1773.0,4.9
1774.0,5.0
1775.0,5.0
1776.0,5.0
1777.0,4.5
1778.0,4.5
1779.0,4.5
1780.0,5.5
1781.0,5.5
1782.0,5.5
1783.0,4.8
1784.0,4.8
1785.0,4.8
1786.0,5.0
1787.0,5.0
1788.0,5.0
1789.0,5.4
1790.0,5.4
1791.0,5.4
1792.0,5.0
1793.0,5.0
1794.0,5.0
1795.0,4.9
1796.0,4.9
1797.0,4.9
1798.0,5.4
1799.0,5.4
1800.0,5.4
1801.0,5.1
1802.0,5.1
1803.0,5.1
1804.0,5.3
1805.0,5.3
1806.0,5.3
1807.0,5.8
1808.0,5.8
1809.0,5.8
1810.0,5.0
1811.0,5.0
1812.0,5.0
1813.0,5.0
1814.0,5.0
1815.0,5.0
1816.0,5.4
1817.0,5.4
1818.0,5.4
1819.0,6.0
1820.0,6.0
1821.0,6.0
1822.0,6.0
1823.0,6.0
1824.0,6.0
1825.0,5.0
1826.0,5.0
1827.0,5.0
1828.0,6.1
1829.0,6.1
1830.0,6.1
1831.0,5.1
1832.0,5.1
1833.0,5.1
1834.0,5.0
1835.0,5.0
1836.0,5.0
1837.0,5.0
1838.0,5.0
1839.0,5.0
1840.0,5.5
1841.0,5.5
1842.0,5.5
1843.0,5.9
1844.0,5.9
1845.0,5.9
1846.0,5.0
1847.0,5.0
1848.0,5.0
1849.0,5.0
1850.0,5.0
1851.0,5.0
1852.0,6.0
1853.0,6.0
1854.0,6.0
1855.0,5.4
1856.0,5.4
1857.0,5.4
1858.0,5.4
1859.0,5.4
1860.0,5.4
1861.0,5.9
1862.0,5.9
1863.0,5.9
1864.0,5.0
1865.0,5.0
1866.0,5.0
1867.0,5.4
1868.0,5.4
1869.0,5.4
1870.0,5.5
1871.0,5.5
1872.0,5.5
1873.0,5.3
1874.0,5.3
1875.0,5.3
1876.0,5.4
1877.0,5.4
1878.0,5.4
1879.0,5.9
1880.0,5.9
1881.0,5.9
1882.0,5.9
1883.0,5.9
1884.0,5.9
1885.0,5.4
1886.0,5.4
1887.0,5.4
1888.0,5.0
1889.0,5.0
1890.0,5.0
1891.0,5.4
1892.0,5.4
1893.0,5.4
1894.0,4.9
1895.0,4.9
1896.0,4.9
1897.0,5.9
1898.0,5.9
1899.0,5.9
1900.0,5.0
1901.0,5.0
1902.0,5.0
1903.0,5.5
1904.0,5.5
1905.0,5.5
1906.0,5.6
1907.0,5.6
1908.0,5.6
1909.0,5.5
1910.0,5.5
1911.0,5.5
1912.0,5.5
1913.0,5.5
1914.0,5.5
1915.0,5.4
1916.0,5.4
1917.0,5.4
1918.0,5.4
1919.0,5.4
1920.0,5.4
1921.0,6.0
1922.0,6.0
1923.0,6.0
1924.0,5.3
1925.0,5.3
1926.0,5.3
1927.0,5.5
1928.0,5.5
1929.0,5.5
1930.0,5.3
1931.0,5.3
1932.0,5.3
1933.0,5.0
1934.0,5.0
1935.0,5.0
1936.0,5.3
1937.0,5.3
1938.0,5.3
1939.0,5.9
1940.0,5.9
1941.0,5.9
1942.0,5.6
1943.0,5.6
1944.0,5.6
1945.0,5.3
1946.0,5.3
1947.0,5.3
1948.0,6.0
1949.0,6.0
1950.0,6.0
1951.0,5.4
1952.0,5.4
1953.0,5.4
1954.0,5.3
1955.0,5.3
1956.0,5.3
1957.0,5.5
1958.0,5.5
1959.0,5.5
1960.0,5.9
1961.0,5.9
1962.0,5.9
1963.0,5.3
1964.0,5.3
1965.0,5.3
1966.0,5.5
1967.0,5.5
1968.0,5.5
1969.0,5.4
1970.0,5.4
1971.0,5.4
1972.0,4.6
1973.0,4.6
1974.0,4.6
1975.0,5.4
1976.0,5.4
1977.0,5.4
1978.0,5.5
1979.0,5.5
1980.0,5.5
1981.0,4.8
1982.0,4.8
1983.0,4.8
1984.0,5.6
1985.0,5.6
1986.0,5.6
1987.0,5.5
1988.0,5.5
1989.0,5.5
1990.0,5.3
1991.0,5.3
1992.0,5.3
1993.0,5.5
1994.0,5.5
1995.0,5.5
1996.0,5.6
1997.0,5.6
1998.0,5.6
1999.0,5.5
2000.0,5.5
2001.0,5.5
2002.0,5.6
2003.0,5.6
2004.0,5.6
2005.0,5.5
2006.0,5.5
2007.0,5.5
2008.0,5.4
2009.0,5.4
2010.0,5.4
2011.0,5.0
2012.0,5.0
2013.0,5.0
2014.0,5.4
2015.0,5.4
2016.0,5.4
2017.0,5.4
2018.0,5.4
2019.0,5.4
2020.0,5.9
2021.0,5.9
2022.0,5.9
2023.0,6.0
2024.0,6.0
2025.0,6.0
2026.0,5.4
2027.0,5.4
2028.0,5.4
2029.0,5.6
2030.0,5.6
2031.0,5.6
2032.0,5.3
2033.0,5.3
2034.0,5.3
2035.0,5.3
2036.0,5.3
2037.0,5.3
2038.0,5.6
2039.0,5.6
2040.0,5.6
2041.0,5.1
2042.0,5.1
2043.0,5.1
2044.0,5.0
2045.0,5.0
2046.0,5.0
2047.0,5.9
2048.0,5.9
2049.0,5.9
2050.0,5.6
2051.0,5.6
2052.0,5.6
2053.0,5.6
2054.0,5.6
2055.0,5.6
2056.0,5.4
2057.0,5.4
2058.0,5.4
2059.0,5.1
2060.0,5.1
2061.0,5.1
2062.0,5.1
2063.0,5.1
2064.0,5.1
2065.0,6.0
2066.0,6.0
2067.0,6.0
2068.0,5.5
2069.0,5.5
2070.0,5.5
2071.0,5.5
2072.0,5.5
2073.0,5.5
2074.0,5.9
2075.0,5.9
2076.0,5.9
2077.0,5.8
2078.0,5.8
2079.0,5.8
2080.0,5.8
2081.0,5.8
2082.0,5.8
2083.0,5.5
2084.0,5.5
2085.0,5.5
2086.0,5.4
2087.0,5.4
2088.0,5.4
2089.0,5.1
2090.0,5.1
2091.0,5.1
2092.0,5.3
2093.0,5.3
2094.0,5.3
2095.0,5.6
2096.0,5.6
2097.0,5.6
2098.0,5.8
2099.0,5.8
2100.0,5.8
2101.0,5.1
2102.0,5.1
2103.0,5.1
2104.0,6.1
2105.0,6.1
2106.0,6.1
2107.0,4.6
2108.0,4.6
2109.0,4.6
2110.0,5.5
2111.0,5.5
2112.0,5.5
2113.0,5.4
2114.0,5.4
2115.0,5.4
2116.0,6.0
2117.0,6.0
2118.0,6.0
2119.0,5.0
2120.0,5.0
2121.0,5.0
2122.0,5.3
2123.0,5.3
2124.0,5.3
2125.0,5.5
2126.0,5.5
2127.0,5.5
2128.0,5.0
2129.0,5.0
2130.0,5.0
2131.0,5.4
2132.0,5.4
2133.0,5.4
2134.0,5.8
2135.0,5.8
2136.0,5.8
2137.0,4.9
2138.0,4.9
2139.0,4.9
2140.0,5.1
2141.0,5.1
2142.0,5.1
2143.0,6.0
2144.0,6.0
2145.0,6.0
2146.0,5.0
2147.0,5.0
2148.0,5.0
2149.0,5.0
2150.0,5.0
2151.0,5.0
2152.0,5.1
2153.0,5.1
2154.0,5.1
2155.0,5.3
2156.0,5.3
2157.0,5.3
2158.0,5.4
2159.0,5.4
2160.0,5.4
2161.0,5.6
2162.0,5.6
2163.0,5.6
2164.0,5.3
2165.0,5.3
2166.0,5.3
2167.0,5.4
2168.0,5.4
2169.0,5.4
2170.0,5.0
2171.0,5.0
2172.0,5.0
2173.0,5.9
2174.0,5.9
2175.0,5.9
2176.0,5.1
2177.0,5.1
2178.0,5.1
2179.0,5.9
2180.0,5.9
2181.0,5.9
2182.0,5.4
2183.0,5.4
2184.0,5.4
2185.0,5.3
2186.0,5.3
2187.0,5.3
2188.0,5.5
2189.0,5.5
2190.0,5.5
2191.0,5.5
2192.0,5.5
2193.0,5.5
2194.0,5.3
2195.0,5.3
2196.0,5.3
2197.0,5.5
2198.0,5.5
2199.0,5.5
2200.0,5.0
2201.0,5.0
2202.0,5.0
2203.0,5.9
2204.0,5.9
2205.0,5.9
2206.0,4.8
2207.0,4.8
2208.0,4.8
2209.0,5.1
2210.0,5.1
2211.0,5.1
2212.0,5.5
2213.0,5.5
2214.0,5.5
2215.0,5.6
2216.0,5.6
2217.0,5.6
2218.0,6.1
2219.0,6.1
2220.0,6.1
2221.0,6.8
2222.0,6.8
2223.0,6.8
2224.0,5.5
2225.0,5.5
2226.0,5.5
2227.0,5.9
2228.0,5.9
2229.0,5.9
2230.0,6.1
2231.0,6.1
2232.0,6.1
2233.0,5.9
2234.0,5.9
2235.0,5.9
2236.0,5.3
2237.0,5.3
2238.0,5.3
2239.0,5.6
2240.0,5.6
2241.0,5.6
2242.0,5.9
2243.0,5.9
2244.0,5.9
2245.0,5.4
2246.0,5.4
2247.0,5.4
2248.0,6.5
2249.0,6.5
2250.0,6.5
2251.0,5.9
2252.0,5.9
2253.0,5.9
2254.0,5.8
2255.0,5.8
2256.0,5.8
2257.0,5.9
2258.0,5.9
2259.0,5.9
2260.0,5.5
2261.0,5.5
2262.0,5.5
2263.0,5.8
2264.0,5.8
2265.0,5.8
2266.0,5.5
2267.0,5.5
2268.0,5.5
2269.0,6.1
2270.0,6.1
2271.0,6.1
2272.0,5.8
2273.0,5.8
2274.0,5.8
2275.0,6.0
2276.0,6.0
2277.0,6.0
2278.0,5.9
2279.0,5.9
2280.0,5.9
2281.0,6.1
2282.0,6.1
2283.0,6.1
2284.0,6.4
2285.0,6.4
2286.0,6.4
2287.0,5.9
2288.0,5.9
2289.0,5.9
2290.0,6.0
2291.0,6.0
2292.0,6.0
2293.0,5.6
2294.0,5.6
2295.0,5.6
2296.0,6.5
2297.0,6.5
2298.0,6.5
2299.0,6.3
2300.0,6.3
2301.0,6.3
2302.0,5.6
2303.0,5.6
2304.0,5.6
2305.0,6.1
2306.0,6.1
2307.0,6.1
2308.0,6.3
2309.0,6.3
2310.0,6.3
2311.0,5.4
2312.0,5.4
2313.0,5.4
2314.0,5.6
2315.0,5.6
2316.0,5.6
2317.0,5.9
2318.0,5.9
2319.0,5.9
2320.0,6.4
2321.0,6.4
2322.0,6.4
2323.0,5.9
2324.0,5.9
2325.0,5.9
2326.0,5.6
2327.0,5.6
2328.0,5.6
2329.0,6.1
2330.0,6.1
2331.0,6.1
2332.0,5.5
2333.0,5.5
2334.0,5.5
2335.0,6.1
2336.0,6.1
2337.0,6.1
2338.0,5.8
2339.0,5.8
2340.0,5.8
2341.0,6.4
2342.0,6.4
2343.0,6.4
2344.0,6.4
2345.0,6.4
2346.0,6.4
2347.0,5.6
2348.0,5.6
2349.0,5.6
2350.0,5.5
2351.0,5.5
2352.0,5.5
2353.0,6.4
2354.0,6.4
2355.0,6.4
2356.0,6.4
2357.0,6.4
2358.0,6.4
2359.0,5.5
2360.0,5.5
2361.0,5.5
2362.0,6.3
2363.0,6.3
2364.0,6.3
2365.0,6.0
2366.0,6.0
2367.0,6.0
2368.0,5.8
2369.0,5.8
2370.0,5.8
2371.0,6.1
2372.0,6.1
2373.0,6.1
2374.0,6.0
2375.0,6.0
2376.0,6.0
2377.0,6.0
2378.0,6.0
2379.0,6.0
2380.0,6.5
2381.0,6.5
2382.0,6.5
2383.0,5.1
2384.0,5.1
2385.0,5.1
2386.0,5.5
2387.0,5.5
2388.0,5.5
2389.0,6.0
2390.0,6.0
2391.0,6.0
2392.0,6.1
2393.0,6.1
2394.0,6.1
2395.0,6.0
2396.0,6.0
2397.0,6.0
2398.0,5.8
2399.0,5.8
2400.0,5.8
2401.0,6.4
2402.0,6.4
2403.0,6.4
2404.0,5.8
2405.0,5.8
2406.0,5.8
2407.0,6.0
2408.0,6.0
2409.0,6.0
2410.0,6.1
2411.0,6.1
2412.0,6.1
2413.0,5.9
2414.0,5.9
2415.0,5.9
2416.0,5.3
2417.0,5.3
2418.0,5.3
2419.0,5.6
2420.0,5.6
2421.0,5.6
2422.0,5.9
2423.0,5.9
2424.0,5.9
2425.0,6.1
2426.0,6.1
2427.0,6.1
2428.0,5.5
2429.0,5.5
2430.0,5.5
2431.0,5.9
2432.0,5.9
2433.0,5.9
2434.0,5.6
2435.0,5.6
2436.0,5.6
2437.0,6.1
2438.0,6.1
2439.0,6.1
2440.0,5.9
2441.0,5.9
2442.0,5.9
2443.0,6.4
2444.0,6.4
2445.0,6.4
2446.0,5.5
2447.0,5.5
2448.0,5.5
2449.0,5.5
2450.0,5.5
2451.0,5.5
2452.0,6.4
2453.0,6.4
2454.0,6.4
2455.0,6.4
2456.0,6.4
2457.0,6.4
2458.0,5.3
2459.0,5.3
2460.0,5.3
2461.0,6.3
2462.0,6.3
2463.0,6.3
2464.0,5.8
2465.0,5.8
2466.0,5.8
2467.0,5.6
2468.0,5.6
2469.0,5.6
2470.0,5.9
2471.0,5.9
2472.0,5.9
2473.0,6.0
2474.0,6.0
2475.0,6.0
2476.0,6.0
2477.0,6.0
2478.0,6.0
2479.0,6.4
2480.0,6.4
2481.0,6.4
2482.0,6.0
2483.0,6.0
2484.0,6.0
2485.0,6.5
2486.0,6.5
2487.0,6.5
2488.0,6.1
2489.0,6.1
2490.0,6.1
2491.0,6.1
2492.0,6.1
2493.0,6.1
2494.0,5.9
2495.0,5.9
2496.0,5.9
2497.0,5.5
2498.0,5.5
2499.0,5.5
2500.0,5.9
2501.0,5.9
2502.0,5.9
2503.0,5.6
2504.0,5.6
2505.0,5.6
2506.0,5.6
2507.0,5.6
2508.0,5.6
2509.0,5.6
2510.0,5.6
2511.0,5.6
2512.0,5.9
2513.0,5.9
2514.0,5.9
2515.0,6.0
2516.0,6.0
2517.0,6.0
2518.0,6.1
2519.0,6.1
2520.0,6.1
2521.0,6.4
2522.0,6.4
2523.0,6.4
2524.0,5.9
2525.0,5.9
2526.0,5.9
2527.0,6.0
2528.0,6.0
2529.0,6.0
2530.0,5.6
2531.0,5.6
2532.0,5.6
2533.0,5.9
2534.0,5.9
2535.0,5.9
2536.0,6.0
2537.0,6.0
2538.0,6.0
2539.0,6.0
2540.0,6.0
2541.0,6.0
2542.0,5.9
2543.0,5.9
2544.0,5.9
2545.0,5.9
2546.0,5.9
2547.0,5.9
2548.0,5.5
2549.0,5.5
2550.0,5.5
2551.0,5.5
2552.0,5.5
2553.0,5.5
2554.0,6.5
2555.0,6.5
2556.0,6.5
2557.0,6.0
2558.0,6.0
2559.0,6.0
2560.0,5.8
2561.0,5.8
2562.0,5.8
2563.0,6.4
2564.0,6.4
2565.0,6.4
2566.0,5.9
2567.0,5.9
2568.0,5.9
2569.0,6.5
2570.0,6.5
2571.0,6.5
2572.0,5.9
2573.0,5.9
2574.0,5.9
2575.0,6.1
2576.0,6.1
2577.0,6.1
2578.0,5.5
2579.0,5.5
2580.0,5.5
2581.0,6.6
2582.0,6.6
2583.0,6.6
2584.0,5.6
2585.0,5.6
2586.0,5.6
2587.0,6.0
2588.0,6.0
2589.0,6.0
2590.0,5.6
2591.0,5.6
2592.0,5.6
2593.0,6.1
2594.0,6.1
2595.0,6.1
2596.0,6.1
2597.0,6.1
2598.0,6.1
2599.0,6.1
2600.0,6.1
2601.0,6.1
2602.0,6.0
2603.0,6.0
2604.0,6.0
2605.0,5.9
2606.0,5.9
2607.0,5.9
2608.0,6.0
2609.0,6.0
2610.0,6.0
2611.0,5.8
2612.0,5.8
2613.0,5.8
2614.0,6.0
2615.0,6.0
2616.0,6.0
2617.0,5.6
2618.0,5.6
2619.0,5.6
2620.0,6.0
2621.0,6.0
2622.0,6.0
2623.0,6.1
2624.0,6.1
2625.0,6.1
2626.0,5.6
2627.0,5.6
2628.0,5.6
2629.0,5.6
2630.0,5.6
2631.0,5.6
2632.0,6.3
2633.0,6.3
2634.0,6.3
2635.0,5.8
2636.0,5.8
2637.0,5.8
2638.0,6.0
2639.0,6.0
2640.0,6.0
2641.0,4.6
2642.0,4.6
2643.0,4.6
2644.0,5.6
2645.0,5.6
2646.0,5.6
2647.0,6.6
2648.0,6.6
2649.0,6.6
2650.0,6.0
2651.0,6.0
2652.0,6.0
2653.0,5.9
2654.0,5.9
2655.0,5.9
2656.0,6.3
2657.0,6.3
2658.0,6.3
2659.0,5.8
2660.0,5.8
2661.0,5.8
2662.0,5.9
2663.0,5.9
2664.0,5.9
2665.0,6.1
2666.0,6.1
2667.0,6.1
2668.0,6.4
2669.0,6.4
2670.0,6.4
2671.0,6.1
2672.0,6.1
2673.0,6.1
2674.0,5.6
2675.0,5.6
2676.0,5.6
2677.0,5.5
2678.0,5.5
2679.0,5.5
2680.0,6.0
2681.0,6.0
2682.0,6.0
2683.0,6.0
2684.0,6.0
2685.0,6.0
2686.0,5.5
2687.0,5.5
2688.0,5.5
2689.0,5.6
2690.0,5.6
2691.0,5.6
2692.0,7.0
2693.0,7.0
2694.0,7.0
2695.0,6.5
2696.0,6.5
2697.0,6.5
2698.0,6.4
2699.0,6.4
2700.0,6.4
2701.0,6.0
2702.0,6.0
2703.0,6.0
2704.0,6.8
2705.0,6.8
2706.0,6.8
2707.0,6.9
2708.0,6.9
2709.0,6.9
2710.0,6.4
2711.0,6.4
2712.0,6.4
2713.0,6.5
2714.0,6.5
2715.0,6.5
2716.0,6.6
2717.0,6.6
2718.0,6.6
2719.0,6.4
2720.0,6.4
2721.0,6.4
2722.0,6.5
2723.0,6.5
2724.0,6.5
2725.0,6.4
2726.0,6.4
2727.0,6.4
2728.0,6.1
2729.0,6.1
2730.0,6.1
2731.0,6.4
2732.0,6.4
2733.0,6.4
2734.0,6.6
2735.0,6.6
2736.0,6.6
2737.0,6.6
2738.0,6.6
2739.0,6.6
2740.0,5.9
2741.0,5.9
2742.0,5.9
2743.0,7.0
2744.0,7.0
2745.0,7.0
2746.0,6.3
2747.0,6.3
2748.0,6.3
2749.0,7.3
2750.0,7.3
2751.0,7.3
2752.0,6.6
2753.0,6.6
2754.0,6.6
2755.0,7.0
2756.0,7.0
2757.0,7.0
2758.0,6.3
2759.0,6.3
2760.0,6.3
2761.0,6.0
2762.0,6.0
2763.0,6.0
2764.0,7.1
2765.0,7.1
2766.0,7.1
2767.0,5.9
2768.0,5.9
2769.0,5.9
2770.0,6.5
2771.0,6.5
2772.0,6.5
2773.0,6.5
2774.0,6.5
2775.0,6.5
2776.0,6.6
2777.0,6.6
2778.0,6.6
2779.0,6.8
2780.0,6.8
2781.0,6.8
2782.0,6.8
2783.0,6.8
2784.0,6.8
2785.0,6.4
2786.0,6.4
2787.0,6.4
2788.0,6.1
2789.0,6.1
2790.0,6.1
2791.0,6.8
2792.0,6.8
2793.0,6.8
2794.0,6.9
2795.0,6.9
2796.0,6.9
2797.0,6.8
2798.0,6.8
2799.0,6.8
2800.0,6.4
2801.0,6.4
2802.0,6.4
2803.0,6.5
2804.0,6.5
2805.0,6.5
2806.0,5.9
2807.0,5.9
2808.0,5.9
2809.0,7.0
2810.0,7.0
2811.0,7.0
2812.0,7.0
2813.0,7.0
2814.0,7.0
2815.0,7.0
2816.0,7.0
2817.0,7.0
2818.0,6.6
2819.0,6.6
2820.0,6.6
2821.0,6.3
2822.0,6.3
2823.0,6.3
2824.0,6.4
2825.0,6.4
2826.0,6.4
2827.0,6.6
2828.0,6.6
2829.0,6.6
2830.0,6.8
2831.0,6.8
2832.0,6.8
2833.0,6.5
2834.0,6.5
2835.0,6.5
2836.0,6.1
2837.0,6.1
2838.0,6.1
2839.0,6.3
2840.0,6.3
2841.0,6.3
2842.0,6.5
2843.0,6.5
2844.0,6.5
2845.0,6.5
2846.0,6.5
2847.0,6.5
2848.0,6.5
2849.0,6.5
2850.0,6.5
2851.0,6.9
2852.0,6.9
2853.0,6.9
2854.0,6.3
2855.0,6.3
2856.0,6.3
2857.0,7.1
2858.0,7.1
2859.0,7.1
2860.0,6.8
2861.0,6.8
2862.0,6.8
2863.0,6.0
2864.0,6.0
2865.0,6.0
2866.0,6.9
2867.0,6.9
2868.0,6.9
2869.0,6.1
2870.0,6.1
2871.0,6.1
2872.0,6.3
2873.0,6.3
2874.0,6.3
2875.0,6.0
2876.0,6.0
2877.0,6.0
2878.0,6.6
2879.0,6.6
2880.0,6.6
2881.0,6.0
2882.0,6.0
2883.0,6.0
2884.0,7.0
2885.0,7.0
2886.0,7.0
2887.0,6.3
2888.0,6.3
2889.0,6.3
2890.0,7.3
2891.0,7.3
2892.0,7.3
2893.0,7.0
2894.0,7.0
2895.0,7.0
2896.0,6.6
2897.0,6.6
2898.0,6.6
2899.0,5.8
2900.0,5.8
2901.0,5.8
2902.0,6.4
2903.0,6.4
2904.0,6.4
2905.0,6.6
2906.0,6.6
2907.0,6.6
2908.0,6.6
2909.0,6.6
2910.0,6.6
2911.0,5.6
2912.0,5.6
2913.0,5.6
2914.0,6.5
2915.0,6.5
2916.0,6.5
2917.0,6.6
2918.0,6.6
2919.0,6.6
2920.0,6.5
2921.0,6.5
2922.0,6.5
2923.0,7.0
2924.0,7.0
2925.0,7.0
2926.0,6.1
2927.0,6.1
2928.0,6.1
2929.0,6.4
2930.0,6.4
2931.0,6.4
2932.0,6.1
2933.0,6.1
2934.0,6.1
2935.0,6.4
2936.0,6.4
2937.0,6.4
2938.0,6.5
2939.0,6.5
2940.0,6.5
2941.0,6.0
2942.0,6.0
2943.0,6.0
2944.0,5.9
2945.0,5.9
2946.0,5.9
2947.0,6.8
2948.0,6.8
2949.0,6.8
2950.0,6.5
2951.0,6.5
2952.0,6.5
2953.0,6.3
2954.0,6.3
2955.0,6.3
2956.0,6.5
2957.0,6.5
2958.0,6.5
2959.0,6.5
2960.0,6.5
2961.0,6.5
2962.0,6.5
2963.0,6.5
2964.0,6.5
2965.0,7.0
2966.0,7.0
2967.0,7.0
2968.0,6.8
2969.0,6.8
2970.0,6.8
2971.0,6.5
2972.0,6.5
2973.0,6.5
2974.0,6.8
2975.0,6.8
2976.0,6.8
2977.0,6.4
2978.0,6.4
2979.0,6.4
2980.0,6.3
2981.0,6.3
2982.0,6.3
2983.0,6.1
2984.0,6.1
2985.0,6.1
2986.0,6.8
2987.0,6.8
2988.0,6.8
2989.0,6.5
2990.0,6.5
2991.0,6.5
2992.0,6.0
2993.0,6.0
2994.0,6.0
2995.0,7.0
2996.0,7.0
2997.0,7.0
2998.0,6.5
2999.0,6.5
3000.0,6.5
3001.0,5.9
3002.0,5.9
3003.0,5.9
3004.0,6.4
3005.0,6.4
3006.0,6.4
3007.0,6.5
3008.0,6.5
3009.0,6.5
3010.0,6.4
3011.0,6.4
3012.0,6.4
3013.0,6.1
3014.0,6.1
3015.0,6.1
3016.0,6.5
3017.0,6.5
3018.0,6.5
3019.0,6.8
3020.0,6.8
3021.0,6.8
3022.0,7.0
3023.0,7.0
3024.0,7.0
3025.0,7.0
3026.0,7.0
3027.0,7.0
3028.0,6.1
3029.0,6.1
3030.0,6.1
3031.0,6.0
3032.0,6.0
3033.0,6.0
3034.0,6.3
3035.0,6.3
3036.0,6.3
3037.0,6.4
3038.0,6.4
3039.0,6.4
3040.0,6.4
3041.0,6.4
3042.0,6.4
3043.0,6.6
3044.0,6.6
3045.0,6.6
3046.0,6.8
3047.0,6.8
3048.0,6.8
3049.0,7.1
3050.0,7.1
3051.0,7.1
3052.0,6.1
3053.0,6.1
3054.0,6.1
3055.0,6.4
3056.0,6.4
3057.0,6.4
3058.0,6.6
3059.0,6.6
3060.0,6.6
3061.0,6.5
3062.0,6.5
3063.0,6.5
3064.0,6.1
3065.0,6.1
3066.0,6.1
3067.0,6.5
3068.0,6.5
3069.0,6.5
3070.0,5.9
3071.0,5.9
3072.0,5.9
3073.0,6.6
3074.0,6.6
3075.0,6.6
3076.0,6.5
3077.0,6.5
3078.0,6.5
3079.0,6.5
3080.0,6.5
3081.0,6.5
3082.0,7.1
3083.0,7.1
3084.0,7.1
3085.0,6.4
3086.0,6.4
3087.0,6.4
3088.0,6.5
3089.0,6.5
3090.0,6.5
3091.0,6.5
3092.0,6.5
3093.0,6.5
3094.0,6.1
3095.0,6.1
3096.0,6.1
3097.0,6.3
3098.0,6.3
3099.0,6.3
3100.0,6.1
3101.0,6.1
3102.0,6.1
3103.0,6.5
3104.0,6.5
3105.0,6.5
3106.0,7.1
3107.0,7.1
3108.0,7.1
3109.0,6.8
3110.0,6.8
3111.0,6.8
3112.0,6.5
3113.0,6.5
3114.0,6.5
3115.0,6.4
3116.0,6.4
3117.0,6.4
3118.0,7.3
3119.0,7.3
3120.0,7.3
3121.0,6.8
3122.0,6.8
3123.0,6.8
3124.0,6.5
3125.0,6.5
3126.0,6.5
3127.0,6.6
3128.0,6.6
3129.0,6.6
3130.0,6.5
3131.0,6.5
3132.0,6.5
3133.0,6.9
3134.0,6.9
3135.0,6.9
3136.0,6.8
3137.0,6.8
3138.0,6.8
3139.0,6.6
3140.0,6.6
3141.0,6.6
3142.0,6.5
3143.0,6.5
3144.0,6.5
3145.0,6.1
3146.0,6.1
3147.0,6.1
3148.0,6.0
3149.0,6.0
3150.0,6.0
3151.0,6.4
3152.0,6.4
3153.0,6.4
3154.0,6.6
3155.0,6.6
3156.0,6.6
3157.0,6.8
3158.0,6.8
3159.0,6.8
3160.0,6.4
3161.0,6.4
3162.0,6.4
3163.0,6.5
3164.0,6.5
3165.0,6.5
3166.0,6.8
3167.0,6.8
3168.0,6.8
3169.0,6.0
3170.0,6.0
3171.0,6.0
3172.0,6.6
3173.0,6.6
3174.0,6.6
3175.0,6.4
3176.0,6.4
3177.0,6.4
3178.0,6.4
3179.0,6.4
3180.0,6.4
3181.0,5.9
3182.0,5.9
3183.0,5.9
3184.0,6.8
3185.0,6.8
3186.0,6.8
3187.0,6.6
3188.0,6.6
3189.0,6.6
3190.0,6.3
3191.0,6.3
3192.0,6.3
3193.0,6.5
3194.0,6.5
3195.0,6.5
3196.0,6.0
3197.0,6.0
3198.0,6.0
3199.0,5.6
3200.0,5.6
3201.0,5.6
3202.0,6.4
3203.0,6.4
3204.0,6.4
3205.0,6.0
3206.0,6.0
3207.0,6.0
3208.0,5.8
3209.0,5.8
3210.0,5.8
3211.0,6.3
3212.0,6.3
3213.0,6.3
3214.0,7.1
3215.0,7.1
3216.0,7.1
3217.0,6.5
3218.0,6.5
3219.0,6.5
3220.0,6.4
3221.0,6.4
3222.0,6.4
3223.0,6.5
3224.0,6.5
3225.0,6.5
3226.0,6.0
3227.0,6.0
3228.0,6.0
3229.0,6.4
3230.0,6.4
3231.0,6.4
3232.0,6.4
3233.0,6.4
3234.0,6.4
3235.0,6.0
3236.0,6.0
3237.0,6.0
3238.0,6.6
3239.0,6.6
3240.0,6.6
3241.0,6.4
3242.0,6.4
3243.0,6.4
3244.0,6.8
3245.0,6.8
3246.0,6.8
3247.0,6.8
3248.0,6.8
3249.0,6.8
3250.0,6.5
3251.0,6.5
3252.0,6.5
3253.0,6.5
3254.0,6.5
3255.0,6.5
3256.0,5.6
3257.0,5.6
3258.0,5.6
3259.0,6.1
3260.0,6.1
3261.0,6.1
3262.0,6.6
3263.0,6.6
3264.0,6.6
3265.0,6.8
3266.0,6.8
3267.0,6.8
3268.0,6.8
3269.0,6.8
3270.0,6.8
3271.0,6.1
3272.0,6.1
3273.0,6.1
3274.0,6.3
3275.0,6.3
3276.0,6.3
3277.0,6.8
3278.0,6.8
3279.0,6.8
3280.0,7.1
3281.0,7.1
3282.0,7.1
3283.0,7.1
3284.0,7.1
3285.0,7.1
3286.0,6.8
3287.0,6.8
3288.0,6.8
3289.0,6.9
3290.0,6.9
3291.0,6.9
3292.0,7.3
3293.0,7.3
3294.0,7.3
3295.0,7.5
3296.0,7.5
3297.0,7.5
3298.0,6.6
3299.0,6.6
3300.0,6.6
3301.0,7.1
3302.0,7.1
3303.0,7.1
3304.0,7.0
3305.0,7.0
3306.0,7.0
3307.0,7.5
3308.0,7.5
3309.0,7.5
3310.0,6.8
3311.0,6.8
3312.0,6.8
3313.0,7.3
3314.0,7.3
3315.0,7.3
3316.0,6.9
3317.0,6.9
3318.0,6.9
3319.0,7.0
3320.0,7.0
3321.0,7.0
3322.0,7.0
3323.0,7.0
3324.0,7.0
3325.0,7.0
3326.0,7.0
3327.0,7.0
3328.0,6.5
3329.0,6.5
3330.0,6.5
3331.0,6.5
3332.0,6.5
3333.0,6.5
3334.0,6.8
3335.0,6.8
3336.0,6.8
3337.0,7.0
3338.0,7.0
3339.0,7.0
3340.0,6.6
3341.0,6.6
3342.0,6.6
3343.0,6.9
3344.0,6.9
3345.0,6.9
3346.0,7.0
3347.0,7.0
3348.0,7.0
3349.0,6.8
3350.0,6.8
3351.0,6.8
3352.0,7.3
3353.0,7.3
3354.0,7.3
3355.0,6.5
3356.0,6.5
3357.0,6.5
3358.0,7.5
3359.0,7.5
3360.0,7.5
3361.0,6.4
3362.0,6.4
3363.0,6.4
3364.0,6.6
3365.0,6.6
3366.0,6.6
3367.0,6.8
3368.0,6.8
3369.0,6.8
3370.0,6.6
3371.0,6.6
3372.0,6.6
3373.0,6.5
3374.0,6.5
3375.0,6.5
3376.0,7.0
3377.0,7.0
3378.0,7.0
3379.0,7.1
3380.0,7.1
3381.0,7.1
3382.0,6.9
3383.0,6.9
3384.0,6.9
3385.0,7.0
3386.0,7.0
3387.0,7.0
3388.0,6.5
3389.0,6.5
3390.0,6.5
3391.0,6.9
3392.0,6.9
3393.0,6.9
3394.0,7.1
3395.0,7.1
3396.0,7.1
3397.0,7.0
3398.0,7.0
3399.0,7.0
3400.0,6.8
3401.0,6.8
3402.0,6.8
3403.0,7.0
3404.0,7.0
3405.0,7.0
3406.0,6.1
3407.0,6.1
3408.0,6.1
3409.0,7.1
3410.0,7.1
3411.0,7.1
3412.0,6.6
3413.0,6.6
3414.0,6.6
3415.0,6.1
3416.0,6.1
3417.0,6.1
3418.0,7.0
3419.0,7.0
3420.0,7.0
3421.0,6.5
3422.0,6.5
3423.0,6.5
3424.0,7.1
3425.0,7.1
3426.0,7.1
3427.0,6.1
3428.0,6.1
3429.0,6.1
3430.0,6.5
3431.0,6.5
3432.0,6.5
3433.0,7.0
3434.0,7.0
3435.0,7.0
3436.0,7.0
3437.0,7.0
3438.0,7.0
3439.0,6.4
3440.0,6.4
3441.0,6.4
3442.0,7.0
3443.0,7.0
3444.0,7.0
3445.0,6.5
3446.0,6.5
3447.0,6.5
3448.0,6.4
3449.0,6.4
3450.0,6.4
3451.0,7.0
3452.0,7.0
3453.0,7.0
3454.0,6.6
3455.0,6.6
3456.0,6.6
3457.0,7.1
3458.0,7.1
3459.0,7.1
3460.0,7.3
3461.0,7.3
3462.0,7.3
3463.0,6.9
3464.0,6.9
3465.0,6.9
3466.0,7.3
3467.0,7.3
3468.0,7.3
3469.0,7.1
3470.0,7.1
3471.0,7.1
3472.0,7.4
3473.0,7.4
3474.0,7.4
3475.0,6.9
3476.0,6.9
3477.0,6.9
3478.0,6.9
3479.0,6.9
3480.0,6.9
3481.0,6.4
3482.0,6.4
3483.0,6.4
3484.0,7.0
3485.0,7.0
3486.0,7.0
3487.0,7.5
3488.0,7.5
3489.0,7.5
3490.0,6.9
3491.0,6.9
3492.0,6.9
3493.0,7.3
3494.0,7.3
3495.0,7.3
3496.0,6.9
3497.0,6.9
3498.0,6.9
3499.0,7.1
3500.0,7.1
3501.0,7.1
3502.0,6.5
3503.0,6.5
3504.0,6.5
3505.0,7.0
3506.0,7.0
3507.0,7.0
3508.0,7.9
3509.0,7.9
3510.0,7.9
3511.0,7.5
3512.0,7.5
3513.0,7.5
3514.0,6.8
3515.0,6.8
3516.0,6.8
3517.0,6.9
3518.0,6.9
3519.0,6.9
3520.0,7.0
3521.0,7.0
3522.0,7.0
3523.0,6.6
3524.0,6.6
3525.0,6.6
3526.0,6.8
3527.0,6.8
3528.0,6.8
3529.0,6.8
3530.0,6.8
3531.0,6.8
3532.0,6.4
3533.0,6.4
3534.0,6.4
3535.0,7.0
3536.0,7.0
3537.0,7.0
3538.0,7.5
3539.0,7.5
3540.0,7.5
3541.0,7.6
3542.0,7.6
3543.0,7.6
3544.0,6.6
3545.0,6.6
3546.0,6.6
3547.0,6.5
3548.0,6.5
3549.0,6.5
3550.0,6.9
3551.0,6.9
3552.0,6.9
3553.0,6.9
3554.0,6.9
3555.0,6.9
3556.0,6.9
3557.0,6.9
3558.0,6.9
3559.0,7.5
3560.0,7.5
3561.0,7.5
3562.0,6.4
3563.0,6.4
3564.0,6.4
3565.0,7.1
3566.0,7.1
3567.0,7.1
3568.0,6.4
3569.0,6.4
3570.0,6.4
3571.0,7.0
3572.0,7.0
3573.0,7.0
3574.0,6.5
3575.0,6.5
3576.0,6.5
3577.0,7.0
3578.0,7.0
3579.0,7.0
3580.0,6.9
3581.0,6.9
3582.0,6.9
3583.0,6.9
3584.0,6.9
3585.0,6.9
3586.0,7.5
3587.0,7.5
3588.0,7.5
3589.0,6.3
3590.0,6.3
3591.0,6.3
3592.0,7.0
3593.0,7.0
3594.0,7.0
3595.0,6.5
3596.0,6.5
3597.0,6.5
3598.0,7.3
3599.0,7.3
3600.0,7.3
3601.0,7.3
3602.0,7.3
3603.0,7.3
3604.0,6.8
3605.0,6.8
3606.0,6.8
3607.0,5.9
3608.0,5.9
3609.0,5.9
3610.0,7.1
3611.0,7.1
3612.0,7.1
3613.0,6.8
3614.0,6.8
3615.0,6.8
3616.0,7.5
3617.0,7.5
3618.0,7.5
3619.0,6.8
3620.0,6.8
3621.0,6.8
3622.0,6.9
3623.0,6.9
3624.0,6.9
3625.0,7.5
3626.0,7.5
3627.0,7.5
3628.0,6.8
3629.0,6.8
3630.0,6.8
3631.0,7.0
3632.0,7.0
3633.0,7.0
3634.0,7.0
3635.0,7.0
3636.0,7.0
3637.0,6.9
3638.0,6.9
3639.0,6.9
3640.0,7.1
3641.0,7.1
3642.0,7.1
3643.0,6.5
3644.0,6.5
3645.0,6.5
3646.0,6.8
3647.0,6.8
3648.0,6.8
3649.0,6.8
3650.0,6.8
3651.0,6.8
3652.0,7.0
3653.0,7.0
3654.0,7.0
3655.0,7.0
3656.0,7.0
3657.0,7.0
3658.0,6.8
3659.0,6.8
3660.0,6.8
3661.0,7.0
3662.0,7.0
3663.0,7.0
3664.0,7.0
3665.0,7.0
3666.0,7.0
3667.0,7.0
3668.0,7.0
3669.0,7.0
3670.0,6.8
3671.0,6.8
3672.0,6.8
3673.0,7.0
3674.0,7.0
3675.0,7.0
3676.0,7.0
3677.0,7.0
3678.0,7.0
3679.0,6.8
3680.0,6.8
3681.0,6.8
3682.0,7.0
3683.0,7.0
3684.0,7.0
3685.0,7.1
3686.0,7.1
3687.0,7.1
3688.0,6.5
3689.0,6.5
3690.0,6.5
3691.0,6.8
3692.0,6.8
3693.0,6.8
3694.0,6.1
3695.0,6.1
3696.0,6.1
3697.0,7.1
3698.0,7.1
3699.0,7.1
3700.0,6.8
3701.0,6.8
3702.0,6.8
3703.0,6.8
3704.0,6.8
3705.0,6.8
3706.0,6.6
3707.0,6.6
3708.0,6.6
3709.0,6.5
3710.0,6.5
3711.0,6.5
3712.0,7.0
3713.0,7.0
3714.0,7.0
3715.0,7.4
3716.0,7.4
3717.0,7.4
3718.0,7.3
3719.0,7.3
3720.0,7.3
3721.0,6.8
3722.0,6.8
3723.0,6.8
3724.0,6.8
3725.0,6.8
3726.0,6.8
3727.0,6.6
3728.0,6.6
3729.0,6.6
3730.0,7.1
3731.0,7.1
3732.0,7.1
3733.0,7.1
3734.0,7.1
3735.0,7.1
3736.0,6.5
3737.0,6.5
3738.0,6.5
3739.0,7.1
3740.0,7.1
3741.0,7.1
3742.0,7.3
3743.0,7.3
3744.0,7.3
3745.0,7.0
3746.0,7.0
3747.0,7.0
3748.0,6.4
3749.0,6.4
3750.0,6.4
3751.0,6.3
3752.0,6.3
3753.0,6.3
3754.0,7.1
3755.0,7.1
3756.0,7.1
3757.0,6.1
3758.0,6.1
3759.0,6.1
3760.0,7.3
3761.0,7.3
3762.0,7.3
3763.0,6.6
3764.0,6.6
3765.0,6.6
3766.0,7.0
3767.0,7.0
3768.0,7.0
3769.0,7.3
3770.0,7.3
3771.0,7.3
3772.0,6.0
3773.0,6.0
3774.0,6.0
3775.0,6.8
3776.0,6.8
3777.0,6.8
3778.0,6.6
3779.0,6.6
3780.0,6.6
3781.0,7.1
3782.0,7.1
3783.0,7.1
3784.0,6.6
3785.0,6.6
3786.0,6.6
3787.0,6.5
3788.0,6.5
3789.0,6.5
3790.0,6.3
3791.0,6.3
3792.0,6.3
3793.0,6.5
3794.0,6.5
3795.0,6.5
3796.0,6.8
3797.0,6.8
3798.0,6.8
3799.0,7.3
3800.0,7.3
3801.0,7.3
3802.0,7.0
3803.0,7.0
3804.0,7.0
3805.0,7.1
3806.0,7.1
3807.0,7.1
3808.0,7.0
3809.0,7.0
3810.0,7.0
3811.0,7.0
3812.0,7.0
3813.0,7.0
3814.0,6.4
3815.0,6.4
3816.0,6.4
3817.0,6.8
3818.0,6.8
3819.0,6.8
3820.0,7.0
3821.0,7.0
3822.0,7.0
3823.0,7.0
3824.0,7.0
3825.0,7.0
3826.0,6.8
3827.0,6.8
3828.0,6.8
3829.0,6.8
3830.0,6.8
3831.0,6.8
3832.0,7.0
3833.0,7.0
3834.0,7.0
3835.0,6.8
3836.0,6.8
3837.0,6.8
3838.0,7.1
3839.0,7.1
3840.0,7.1
3841.0,6.6
3842.0,6.6
3843.0,6.6
3844.0,7.3
3845.0,7.3
3846.0,7.3
3847.0,6.6
3848.0,6.6
3849.0,6.6
3850.0,6.0
3851.0,6.0
3852.0,6.0
3853.0,7.3
3854.0,7.3
3855.0,7.3
3856.0,7.1
3857.0,7.1
3858.0,7.1
3859.0,6.8
3860.0,6.8
3861.0,6.8
3862.0,6.9
3863.0,6.9
3864.0,6.9
3865.0,6.8
3866.0,6.8
3867.0,6.8
3868.0,7.3
3869.0,7.3
3870.0,7.3
3871.0,7.8
3872.0,7.8
3873.0,7.8
3874.0,6.6
3875.0,6.6
3876.0,6.6
3877.0,7.0
3878.0,7.0
3879.0,7.0
3880.0,7.1
3881.0,7.1
3882.0,7.1
3883.0,7.0
3884.0,7.0
3885.0,7.0
3886.0,7.1
3887.0,7.1
3888.0,7.1
3889.0,7.0
3890.0,7.0
3891.0,7.0
3892.0,6.4
3893.0,6.4
3894.0,6.4
3895.0,7.1
3896.0,7.1
3897.0,7.1
3898.0,6.5
3899.0,6.5
3900.0,6.5
3901.0,7.0
3902.0,7.0
3903.0,7.0
3904.0,6.8
3905.0,6.8
3906.0,6.8
3907.0,7.0
3908.0,7.0
3909.0,7.0
3910.0,7.0
3911.0,7.0
3912.0,7.0
3913.0,7.0
3914.0,7.0
3915.0,7.0
3916.0,7.0
3917.0,7.0
3918.0,7.0
3919.0,6.5
3920.0,6.5
3921.0,6.5
3922.0,6.6
3923.0,6.6
3924.0,6.6
3925.0,7.0
3926.0,7.0
3927.0,7.0
3928.0,7.8
3929.0,7.8
3930.0,7.8
3931.0,7.1
3932.0,7.1
3933.0,7.1
3934.0,6.6
3935.0,6.6
3936.0,6.6
3937.0,7.6
3938.0,7.6
3939.0,7.6
3940.0,6.6
3941.0,6.6
3942.0,6.6
3943.0,6.8
3944.0,6.8
3945.0,6.8
3946.0,7.6
3947.0,7.6
3948.0,7.6
3949.0,7.0
3950.0,7.0
3951.0,7.0
3952.0,7.5
3953.0,7.5
3954.0,7.5
3955.0,6.8
3956.0,6.8
3957.0,6.8
3958.0,7.3
3959.0,7.3
3960.0,7.3
3961.0,6.1
3962.0,6.1
3963.0,6.1
3964.0,6.6
3965.0,6.6
3966.0,6.6
3967.0,6.8
3968.0,6.8
3969.0,6.8
3970.0,7.4
3971.0,7.4
3972.0,7.4
3973.0,7.3
3974.0,7.3
3975.0,7.3
3976.0,6.6
3977.0,6.6
3978.0,6.6
3979.0,6.9
3980.0,6.9
3981.0,6.9
3982.0,7.0
3983.0,7.0
3984.0,7.0
3985.0,6.8
3986.0,6.8
3987.0,6.8
3988.0,7.5
3989.0,7.5
3990.0,7.5
3991.0,6.3
3992.0,6.3
3993.0,6.3
3994.0,7.9
3995.0,7.9
3996.0,7.9
3997.0,6.1
3998.0,6.1
3999.0,6.1
4000.0,7.3
4001.0,7.3
4002.0,7.3
4003.0,6.6
4004.0,6.6
4005.0,6.6
4006.0,6.9
4007.0,6.9
4008.0,6.9
4009.0,7.8
4010.0,7.8
4011.0,7.8
4012.0,7.0
4013.0,7.0
4014.0,7.0
4015.0,7.0
4016.0,7.0
4017.0,7.0
4018.0,7.0
4019.0,7.0
4020.0,7.0
4021.0,7.0
4022.0,7.0
4023.0,7.0
4024.0,6.6
4025.0,6.6
4026.0,6.6
4027.0,6.8
4028.0,6.8
4029.0,6.8
4030.0,7.1
4031.0,7.1
4032.0,7.1
4033.0,7.5
4034.0,7.5
4035.0,7.5
4036.0,7.0
4037.0,7.0
4038.0,7.0
4039.0,7.0
4040.0,7.0
4041.0,7.0
4042.0,7.0
4043.0,7.0
4044.0,7.0
4045.0,7.1
4046.0,7.1
4047.0,7.1
4048.0,7.0
4049.0,7.0
4050.0,7.0
4051.0,6.6
4052.0,6.6
4053.0,6.6
4054.0,6.8
4055.0,6.8
4056.0,6.8
4057.0,7.5
4058.0,7.5
4059.0,7.5
4060.0,7.5
4061.0,7.5
4062.0,7.5
4063.0,6.6
4064.0,6.6
4065.0,6.6
4066.0,6.8
4067.0,6.8
4068.0,6.8
4069.0,7.3
4070.0,7.3
4071.0,7.3
4072.0,7.0
4073.0,7.0
4074.0,7.0
4075.0,7.4
4076.0,7.4
4077.0,7.4
4078.0,6.5
4079.0,6.5
4080.0,6.5
4081.0,7.5
4082.0,7.5
4083.0,7.5
4084.0,6.5
4085.0,6.5
4086.0,6.5
4087.0,7.0
4088.0,7.0
4089.0,7.0
4090.0,7.0
4091.0,7.0
4092.0,7.0
4093.0,6.5
4094.0,6.5
4095.0,6.5
4096.0,6.5
4097.0,6.5
4098.0,6.5
4099.0,6.6
4100.0,6.6
4101.0,6.6
4102.0,7.0
4103.0,7.0
4104.0,7.0
4105.0,6.5
4106.0,6.5
4107.0,6.5
4108.0,7.3
4109.0,7.3
4110.0,7.3
4111.0,7.1
4112.0,7.1
4113.0,7.1
4114.0,6.5
4115.0,6.5
4116.0,6.5
4117.0,7.1
4118.0,7.1
4119.0,7.1
4120.0,6.4
4121.0,6.4
4122.0,6.4
4123.0,7.0
4124.0,7.0
4125.0,7.0
4126.0,6.8
4127.0,6.8
4128.0,6.8
4129.0,7.5
4130.0,7.5
4131.0,7.5
4132.0,6.6
4133.0,6.6
4134.0,6.6
4135.0,7.3
4136.0,7.3
4137.0,7.3
4138.0,7.0
4139.0,7.0
4140.0,7.0
4141.0,7.6
4142.0,7.6
4143.0,7.6
4144.0,6.9
4145.0,6.9
4146.0,6.9
4147.0,6.5
4148.0,6.5
4149.0,6.5
4150.0,7.5
4151.0,7.5
4152.0,7.5
4153.0,7.4
4154.0,7.4
4155.0,7.4
4156.0,7.0
4157.0,7.0
4158.0,7.0
4159.0,7.1
4160.0,7.1
4161.0,7.1
4162.0,6.6
4163.0,6.6
4164.0,6.6
4165.0,7.5
4166.0,7.5
4167.0,7.5
4168.0,7.4
4169.0,7.4
4170.0,7.4
4171.0,6.8
4172.0,6.8
4173.0,6.8
4174.0,7.0
4175.0,7.0
4176.0,7.0
4177.0,7.1
4178.0,7.1
4179.0,7.1
4180.0,8.1
4181.0,8.1
4182.0,8.1
4183.0,6.8
4184.0,6.8
4185.0,6.8
4186.0,7.5
4187.0,7.5
4188.0,7.5
4189.0,7.5
4190.0,7.5
4191.0,7.5
4192.0,6.6
4193.0,6.6
4194.0,6.6
4195.0,7.5
4196.0,7.5
4197.0,7.5
4198.0,7.8
4199.0,7.8
4200.0,7.8
4201.0,7.1
4202.0,7.1
4203.0,7.1
4204.0,6.4
4205.0,6.4
4206.0,6.4
4207.0,7.5
4208.0,7.5
4209.0,7.5
4210.0,7.3
4211.0,7.3
4212.0,7.3
4213.0,7.8
4214.0,7.8
4215.0,7.8
4216.0,8.1
4217.0,8.1
4218.0,8.1
4219.0,6.8
4220.0,6.8
4221.0,6.8
4222.0,7.3
4223.0,7.3
4224.0,7.3
4225.0,7.4
4226.0,7.4
4227.0,7.4
4228.0,7.0
4229.0,7.0
4230.0,7.0
4231.0,7.4
4232.0,7.4
4233.0,7.4
4234.0,7.1
4235.0,7.1
4236.0,7.1
4237.0,7.3
4238.0,7.3
4239.0,7.3
4240.0,7.6
4241.0,7.6
4242.0,7.6
4243.0,7.5
4244.0,7.5
4245.0,7.5
4246.0,7.4
4247.0,7.4
4248.0,7.4
4249.0,7.3
4250.0,7.3
4251.0,7.3
4252.0,7.1
4253.0,7.1
4254.0,7.1
4255.0,7.8
4256.0,7.8
4257.0,7.8
4258.0,7.1
4259.0,7.1
4260.0,7.1
4261.0,7.5
4262.0,7.5
4263.0,7.5
4264.0,7.4
4265.0,7.4
4266.0,7.4
4267.0,7.5
4268.0,7.5
4269.0,7.5
4270.0,7.5
4271.0,7.5
4272.0,7.5
4273.0,7.1
4274.0,7.1
4275.0,7.1
4276.0,7.5
4277.0,7.5
4278.0,7.5
4279.0,7.9
4280.0,7.9
4281.0,7.9
4282.0,7.0
4283.0,7.0
4284.0,7.0
4285.0,7.3
4286.0,7.3
4287.0,7.3
4288.0,7.1
4289.0,7.1
4290.0,7.1
4291.0,8.1
4292.0,8.1
4293.0,8.1
4294.0,7.5
4295.0,7.5
4296.0,7.5
4297.0,7.5
4298.0,7.5
4299.0,7.5
4300.0,8.0
4301.0,8.0
4302.0,8.0
4303.0,7.1
4304.0,7.1
4305.0,7.1
4306.0,7.5
4307.0,7.5
4308.0,7.5
4309.0,7.1
4310.0,7.1
4311.0,7.1
4312.0,7.1
4313.0,7.1
4314.0,7.1
4315.0,7.3
4316.0,7.3
4317.0,7.3
4318.0,7.8
4319.0,7.8
4320.0,7.8
4321.0,6.9
4322.0,6.9
4323.0,6.9
4324.0,7.5
4325.0,7.5
4326.0,7.5
4327.0,7.5
4328.0,7.5
4329.0,7.5
4330.0,7.0
4331.0,7.0
4332.0,7.0
4333.0,7.6
4334.0,7.6
4335.0,7.6
4336.0,7.1
4337.0,7.1
4338.0,7.1
4339.0,7.3
4340.0,7.3
4341.0,7.3
4342.0,7.6
4343.0,7.6
4344.0,7.6
4345.0,7.0
4346.0,7.0
4347.0,7.0
4348.0,7.5
4349.0,7.5
4350.0,7.5
4351.0,7.0
4352.0,7.0
4353.0,7.0
4354.0,7.1
4355.0,7.1
4356.0,7.1
4357.0,7.1
4358.0,7.1
4359.0,7.1
4360.0,7.3
4361.0,7.3
4362.0,7.3
4363.0,6.8
4364.0,6.8
4365.0,6.8
4366.0,7.5
4367.0,7.5
4368.0,7.5
4369.0,7.0
4370.0,7.0
4371.0,7.0
4372.0,7.5
4373.0,7.5
4374.0,7.5
4375.0,7.0
4376.0,7.0
4377.0,7.0
4378.0,7.1
4379.0,7.1
4380.0,7.1
4381.0,7.5
4382.0,7.5
4383.0,7.5
4384.0,7.0
4385.0,7.0
4386.0,7.0
4387.0,7.3
4388.0,7.3
4389.0,7.3
4390.0,7.5
4391.0,7.5
4392.0,7.5
4393.0,7.4
4394.0,7.4
4395.0,7.4
4396.0,7.4
4397.0,7.4
4398.0,7.4
4399.0,7.1
4400.0,7.1
4401.0,7.1
4402.0,7.3
4403.0,7.3
4404.0,7.3
4405.0,7.5
4406.0,7.5
4407.0,7.5
4408.0,7.8
4409.0,7.8
4410.0,7.8
4411.0,7.1
4412.0,7.1
4413.0,7.1
4414.0,6.5
4415.0,6.5
4416.0,6.5
4417.0,7.5
4418.0,7.5
4419.0,7.5
4420.0,7.5
4421.0,7.5
4422.0,7.5
4423.0,8.0
4424.0,8.0
4425.0,8.0
4426.0,6.9
4427.0,6.9
4428.0,6.9
4429.0,7.6
4430.0,7.6
4431.0,7.6
4432.0,7.1
4433.0,7.1
4434.0,7.1
4435.0,6.8
4436.0,6.8
4437.0,6.8
4438.0,7.5
4439.0,7.5
4440.0,7.5
4441.0,7.1
4442.0,7.1
4443.0,7.1
4444.0,7.6
4445.0,7.6
4446.0,7.6
4447.0,7.1
4448.0,7.1
4449.0,7.1
4450.0,7.3
4451.0,7.3
4452.0,7.3
4453.0,7.0
4454.0,7.0
4455.0,7.0
4456.0,7.9
4457.0,7.9
4458.0,7.9
4459.0,7.5
4460.0,7.5
4461.0,7.5
4462.0,7.4
4463.0,7.4
4464.0,7.4
4465.0,7.4
4466.0,7.4
4467.0,7.4
4468.0,7.1
4469.0,7.1
4470.0,7.1
4471.0,7.5
4472.0,7.5
4473.0,7.5
4474.0,7.1
4475.0,7.1
4476.0,7.1
4477.0,7.5
4478.0,7.5
4479.0,7.5
4480.0,7.1
4481.0,7.1
4482.0,7.1
4483.0,6.5
4484.0,6.5
4485.0,6.5
4486.0,7.5
4487.0,7.5
4488.0,7.5
4489.0,7.1
4490.0,7.1
4491.0,7.1
4492.0,7.1
4493.0,7.1
4494.0,7.1
4495.0,7.4
4496.0,7.4
4497.0,7.4
4498.0,7.5
4499.0,7.5
4500.0,7.5
4501.0,7.1
4502.0,7.1
4503.0,7.1
4504.0,7.4
4505.0,7.4
4506.0,7.4
4507.0,7.8
4508.0,7.8
4509.0,7.8
4510.0,7.8
4511.0,7.8
4512.0,7.8
4513.0,6.9
4514.0,6.9
4515.0,6.9
4516.0,7.5
4517.0,7.5
4518.0,7.5
4519.0,7.6
4520.0,7.6
4521.0,7.6
4522.0,7.3
4523.0,7.3
4524.0,7.3
4525.0,7.3
4526.0,7.3
4527.0,7.3
4528.0,7.1
4529.0,7.1
4530.0,7.1
4531.0,7.1
4532.0,7.1
4533.0,7.1
4534.0,7.3
4535.0,7.3
4536.0,7.3
4537.0,8.0
4538.0,8.0
4539.0,8.0
4540.0,7.3
4541.0,7.3
4542.0,7.3
4543.0,8.0
4544.0,8.0
4545.0,8.0
4546.0,7.3
4547.0,7.3
4548.0,7.3
4549.0,7.5
4550.0,7.5
4551.0,7.5
4552.0,7.8
4553.0,7.8
4554.0,7.8
4555.0,7.5
4556.0,7.5
4557.0,7.5
4558.0,7.1
4559.0,7.1
4560.0,7.1
4561.0,7.4
4562.0,7.4
4563.0,7.4
4564.0,7.0
4565.0,7.0
4566.0,7.0
4567.0,7.8
4568.0,7.8
4569.0,7.8
4570.0,7.1
4571.0,7.1
4572.0,7.1
4573.0,7.5
4574.0,7.5
4575.0,7.5
4576.0,7.5
4577.0,7.5
4578.0,7.5
4579.0,7.5
4580.0,7.5
4581.0,7.5
4582.0,7.5
4583.0,7.5
4584.0,7.5
4585.0,7.5
4586.0,7.5
4587.0,7.5
4588.0,7.1
4589.0,7.1
4590.0,7.1
4591.0,7.0
4592.0,7.0
4593.0,7.0
4594.0,7.5
4595.0,7.5
4596.0,7.5
4597.0,7.1
4598.0,7.1
4599.0,7.1
4600.0,7.3
4601.0,7.3
4602.0,7.3
4603.0,7.8
4604.0,7.8
4605.0,7.8
4606.0,6.9
4607.0,6.9
4608.0,6.9
4609.0,7.1
4610.0,7.1
4611.0,7.1
4612.0,7.9
4613.0,7.9
4614.0,7.9
4615.0,6.9
4616.0,6.9
4617.0,6.9
4618.0,7.0
4619.0,7.0
4620.0,7.0
4621.0,7.4
4622.0,7.4
4623.0,7.4
4624.0,7.0
4625.0,7.0
4626.0,7.0
4627.0,7.3
4628.0,7.3
4629.0,7.3
4630.0,7.5
4631.0,7.5
4632.0,7.5
4633.0,7.1
4634.0,7.1
4635.0,7.1
4636.0,8.1
4637.0,8.1
4638.0,8.1
4639.0,7.5
4640.0,7.5
4641.0,7.5
4642.0,7.6
4643.0,7.6
4644.0,7.6
4645.0,8.1
4646.0,8.1
4647.0,8.1
4648.0,7.5
4649.0,7.5
4650.0,7.5
4651.0,7.5
4652.0,7.5
4653.0,7.5
4654.0,7.3
4655.0,7.3
4656.0,7.3
4657.0,7.4
4658.0,7.4
4659.0,7.4
4660.0,7.6
4661.0,7.6
4662.0,7.6
4663.0,7.5
4664.0,7.5
4665.0,7.5
4666.0,7.5
4667.0,7.5
4668.0,7.5
4669.0,7.5
4670.0,7.5
4671.0,7.5
4672.0,7.5
4673.0,7.5
4674.0,7.5
4675.0,7.8
4676.0,7.8
4677.0,7.8
4678.0,8.0
4679.0,8.0
4680.0,8.0
4681.0,7.4
4682.0,7.4
4683.0,7.4
4684.0,7.5
4685.0,7.5
4686.0,7.5
4687.0,7.5
4688.0,7.5
4689.0,7.5
4690.0,7.1
4691.0,7.1
4692.0,7.1
4693.0,7.0
4694.0,7.0
4695.0,7.0
4696.0,7.3
4697.0,7.3
4698.0,7.3
4699.0,7.3
4700.0,7.3
4701.0,7.3
4702.0,7.3
4703.0,7.3
4704.0,7.3
4705.0,7.8
4706.0,7.8
4707.0,7.8
4708.0,7.5
4709.0,7.5
4710.0,7.5
4711.0,7.1
4712.0,7.1
4713.0,7.1
4714.0,7.1
4715.0,7.1
4716.0,7.1
4717.0,6.9
4718.0,6.9
4719.0,6.9
4720.0,7.5
4721.0,7.5
4722.0,7.5
4723.0,7.9
4724.0,7.9
4725.0,7.9
4726.0,6.9
4727.0,6.9
4728.0,6.9
4729.0,7.9
4730.0,7.9
4731.0,7.9
4732.0,7.3
4733.0,7.3
4734.0,7.3
4735.0,7.3
4736.0,7.3
4737.0,7.3
4738.0,7.8
4739.0,7.8
4740.0,7.8
4741.0,6.9
4742.0,6.9
4743.0,6.9
4744.0,6.8
4745.0,6.8
4746.0,6.8
4747.0,7.5
4748.0,7.5
4749.0,7.5
4750.0,7.3
4751.0,7.3
4752.0,7.3
4753.0,7.1
4754.0,7.1
4755.0,7.1
4756.0,8.0
4757.0,8.0
4758.0,8.0
4759.0,7.3
4760.0,7.3
4761.0,7.3
4762.0,8.0
4763.0,8.0
4764.0,8.0
4765.0,7.0
4766.0,7.0
4767.0,7.0
4768.0,7.9
4769.0,7.9
4770.0,7.9
4771.0,7.5
4772.0,7.5
4773.0,7.5
4774.0,7.5
4775.0,7.5
4776.0,7.5
4777.0,7.9
4778.0,7.9
4779.0,7.9
4780.0,8.3
4781.0,8.3
4782.0,8.3
4783.0,8.3
4784.0,8.3
4785.0,8.3
4786.0,8.1
4787.0,8.1
4788.0,8.1
4789.0,7.5
4790.0,7.5
4791.0,7.5
4792.0,8.0
4793.0,8.0
4794.0,8.0
4795.0,7.8
4796.0,7.8
4797.0,7.8
4798.0,7.8
4799.0,7.8
4800.0,7.8
4801.0,8.0
4802.0,8.0
4803.0,8.0
4804.0,8.0
4805.0,8.0
4806.0,8.0
4807.0,8.1
4808.0,8.1
4809.0,8.1
4810.0,8.1
4811.0,8.1
4812.0,8.1
4813.0,8.1
4814.0,8.1
4815.0,8.1
4816.0,7.4
4817.0,7.4
4818.0,7.4
4819.0,8.3
4820.0,8.3
4821.0,8.3
4822.0,7.6
4823.0,7.6
4824.0,7.6
4825.0,7.9
4826.0,7.9
4827.0,7.9
4828.0,8.1
4829.0,8.1
4830.0,8.1
4831.0,7.6
4832.0,7.6
4833.0,7.6
4834.0,8.3
4835.0,8.3
4836.0,8.3
4837.0,8.1
4838.0,8.1
4839.0,8.1
4840.0,7.5
4841.0,7.5
4842.0,7.5
4843.0,8.6
4844.0,8.6
4845.0,8.6
4846.0,8.3
4847.0,8.3
4848.0,8.3
4849.0,7.8
4850.0,7.8
4851.0,7.8
4852.0,7.8
4853.0,7.8
4854.0,7.8
4855.0,8.0
4856.0,8.0
4857.0,8.0
4858.0,7.9
4859.0,7.9
4860.0,7.9
4861.0,8.3
4862.0,8.3
4863.0,8.3
4864.0,7.8
4865.0,7.8
4866.0,7.8
4867.0,7.9
4868.0,7.9
4869.0,7.9
4870.0,7.5
4871.0,7.5
4872.0,7.5
4873.0,8.6
4874.0,8.6
4875.0,8.6
4876.0,8.0
4877.0,8.0
4878.0,8.0
4879.0,8.3
4880.0,8.3
4881.0,8.3
4882.0,7.9
4883.0,7.9
4884.0,7.9
4885.0,7.3
4886.0,7.3
4887.0,7.3
4888.0,8.1
4889.0,8.1
4890.0,8.1
4891.0,7.8
4892.0,7.8
4893.0,7.8
4894.0,8.3
4895.0,8.3
4896.0,8.3
4897.0,8.3
4898.0,8.3
4899.0,8.3
4900.0,8.3
4901.0,8.3
4902.0,8.3
4903.0,8.0
4904.0,8.0
4905.0,8.0
4906.0,7.9
4907.0,7.9
4908.0,7.9
4909.0,8.1
4910.0,8.1
4911.0,8.1
4912.0,8.1
4913.0,8.1
4914.0,8.1
4915.0,7.8
4916.0,7.8
4917.0,7.8
4918.0,7.9
4919.0,7.9
4920.0,7.9
4921.0,8.0
4922.0,8.0
4923.0,8.0
4924.0,7.8
4925.0,7.8
4926.0,7.8
4927.0,7.1
4928.0,7.1
4929.0,7.1
4930.0,8.0
4931.0,8.0
4932.0,8.0
4933.0,8.6
4934.0,8.6
4935.0,8.6
4936.0,7.9
4937.0,7.9
4938.0,7.9
4939.0,8.3
4940.0,8.3
4941.0,8.3
4942.0,7.8
4943.0,7.8
4944.0,7.8
4945.0,8.0
4946.0,8.0
4947.0,8.0
4948.0,8.6
4949.0,8.6
4950.0,8.6
4951.0,8.1
4952.0,8.1
4953.0,8.1
4954.0,7.8
4955.0,7.8
4956.0,7.8
4957.0,8.1
4958.0,8.1
4959.0,8.1
4960.0,7.6
4961.0,7.6
4962.0,7.6
4963.0,7.5
4964.0,7.5
4965.0,7.5
4966.0,8.5
4967.0,8.5
4968.0,8.5
4969.0,8.3
4970.0,8.3
4971.0,8.3
4972.0,8.3
4973.0,8.3
4974.0,8.3
4975.0,8.1
4976.0,8.1
4977.0,8.1
4978.0,7.6
4979.0,7.6
4980.0,7.6
4981.0,8.3
4982.0,8.3
4983.0,8.3
4984.0,8.1
4985.0,8.1
4986.0,8.1
4987.0,7.8
4988.0,7.8
4989.0,7.8
4990.0,8.3
4991.0,8.3
4992.0,8.3
4993.0,7.5
4994.0,7.5
4995.0,7.5
4996.0,8.1
4997.0,8.1
4998.0,8.1
4999.0,8.1
5000.0,8.1
5001.0,8.1
5002.0,8.5
5003.0,8.5
5004.0,8.5
5005.0,7.8
5006.0,7.8
5007.0,7.8
5008.0,8.3
5009.0,8.3
5010.0,8.3
5011.0,7.9
5012.0,7.9
5013.0,7.9
5014.0,7.5
5015.0,7.5
5016.0,7.5
5017.0,7.9
5018.0,7.9
5019.0,7.9
5020.0,7.5
5021.0,7.5
5022.0,7.5
5023.0,7.8
5024.0,7.8
5025.0,7.8
5026.0,8.5
5027.0,8.5
5028.0,8.5
5029.0,7.8
5030.0,7.8
5031.0,7.8
5032.0,7.9
5033.0,7.9
5034.0,7.9
5035.0,7.8
5036.0,7.8
5037.0,7.8
5038.0,7.8
5039.0,7.8
5040.0,7.8
5041.0,8.3
5042.0,8.3
5043.0,8.3
5044.0,8.0
5045.0,8.0
5046.0,8.0
5047.0,7.5
5048.0,7.5
5049.0,7.5
5050.0,7.4
5051.0,7.4
5052.0,7.4
5053.0,8.3
5054.0,8.3
5055.0,8.3
5056.0,8.3
5057.0,8.3
5058.0,8.3
5059.0,8.1
5060.0,8.1
5061.0,8.1
5062.0,8.3
5063.0,8.3
5064.0,8.3
5065.0,7.9
5066.0,7.9
5067.0,7.9
5068.0,7.5
5069.0,7.5
5070.0,7.5
5071.0,8.0
5072.0,8.0
5073.0,8.0
5074.0,7.8
5075.0,7.8
5076.0,7.8
5077.0,8.1
5078.0,8.1
5079.0,8.1
5080.0,7.8
5081.0,7.8
5082.0,7.8
5083.0,7.8
5084.0,7.8
5085.0,7.8
5086.0,8.1
5087.0,8.1
5088.0,8.1
5089.0,8.6
5090.0,8.6
5091.0,8.6
5092.0,8.0
5093.0,8.0
5094.0,8.0
5095.0,8.5
5096.0,8.5
5097.0,8.5
5098.0,8.0
5099.0,8.0
5100.0,8.0
5101.0,7.5
5102.0,7.5
5103.0,7.5
5104.0,8.6
5105.0,8.6
5106.0,8.6
5107.0,7.3
5108.0,7.3
5109.0,7.3
5110.0,7.8
5111.0,7.8
5112.0,7.8
5113.0,8.3
5114.0,8.3
5115.0,8.3
5116.0,8.1
5117.0,8.1
5118.0,8.1
5119.0,8.0
5120.0,8.0
5121.0,8.0
5122.0,7.9
5123.0,7.9
5124.0,7.9
5125.0,8.1
5126.0,8.1
5127.0,8.1
5128.0,7.6
5129.0,7.6
5130.0,7.6
5131.0,7.9
5132.0,7.9
5133.0,7.9
5134.0,8.3
5135.0,8.3
5136.0,8.3
5137.0,8.1
5138.0,8.1
5139.0,8.1
5140.0,8.1
5141.0,8.1
5142.0,8.1
5143.0,7.5
5144.0,7.5
5145.0,7.5
5146.0,8.5
5147.0,8.5
5148.0,8.5
5149.0,7.5
5150.0,7.5
5151.0,7.5
5152.0,8.0
5153.0,8.0
5154.0,8.0
5155.0,8.3
5156.0,8.3
5157.0,8.3
5158.0,7.8
5159.0,7.8
5160.0,7.8
5161.0,7.5
5162.0,7.5
5163.0,7.5
5164.0,7.9
5165.0,7.9
5166.0,7.9
5167.0,8.3
5168.0,8.3
5169.0,8.3
5170.0,7.8
5171.0,7.8
5172.0,7.8
5173.0,8.1
5174.0,8.1
5175.0,8.1
5176.0,7.8
5177.0,7.8
5178.0,7.8
5179.0,7.4
5180.0,7.4
5181.0,7.4
5182.0,7.5
5183.0,7.5
5184.0,7.5
5185.0,7.9
5186.0,7.9
5187.0,7.9
5188.0,7.4
5189.0,7.4
5190.0,7.4
5191.0,7.5
5192.0,7.5
5193.0,7.5
5194.0,7.6
5195.0,7.6
5196.0,7.6
5197.0,7.5
5198.0,7.5
5199.0,7.5
5200.0,7.9
5201.0,7.9
5202.0,7.9
5203.0,7.5
5204.0,7.5
5205.0,7.5
5206.0,8.1
5207.0,8.1
5208.0,8.1
5209.0,8.0
5210.0,8.0
5211.0,8.0
5212.0,7.4
5213.0,7.4
5214.0,7.4
5215.0,7.5
5216.0,7.5
5217.0,7.5
5218.0,7.6
5219.0,7.6
5220.0,7.6
5221.0,7.8
5222.0,7.8
5223.0,7.8
5224.0,7.6
5225.0,7.6
5226.0,7.6
5227.0,7.5
5228.0,7.5
5229.0,7.5
5230.0,8.0
5231.0,8.0
5232.0,8.0
5233.0,7.9
5234.0,7.9
5235.0,7.9
5236.0,7.3
5237.0,7.3
5238.0,7.3
5239.0,7.5
5240.0,7.5
5241.0,7.5
5242.0,8.1
5243.0,8.1
5244.0,8.1
5245.0,7.5
5246.0,7.5
5247.0,7.5
5248.0,7.6
5249.0,7.6
5250.0,7.6
5251.0,7.5
5252.0,7.5
5253.0,7.5
5254.0,8.1
5255.0,8.1
5256.0,8.1
5257.0,7.8
5258.0,7.8
5259.0,7.8
5260.0,7.3
5261.0,7.3
5262.0,7.3
5263.0,7.5
5264.0,7.5
5265.0,7.5
5266.0,7.9
5267.0,7.9
5268.0,7.9
5269.0,7.4
5270.0,7.4
5271.0,7.4
5272.0,7.9
5273.0,7.9
5274.0,7.9
5275.0,7.8
5276.0,7.8
5277.0,7.8
5278.0,7.6
5279.0,7.6
5280.0,7.6
5281.0,7.5
5282.0,7.5
5283.0,7.5
5284.0,7.8
5285.0,7.8
5286.0,7.8
5287.0,8.1
5288.0,8.1
5289.0,8.1
5290.0,8.3
5291.0,8.3
5292.0,8.3
5293.0,7.9
5294.0,7.9
5295.0,7.9
5296.0,8.3
5297.0,8.3
5298.0,8.3
5299.0,8.5
5300.0,8.5
5301.0,8.5
5302.0,8.3
5303.0,8.3
5304.0,8.3
5305.0,8.3
5306.0,8.3
5307.0,8.3
5308.0,8.3
5309.0,8.3
5310.0,8.3
5311.0,8.1
5312.0,8.1
5313.0,8.1
5314.0,8.6
5315.0,8.6
5316.0,8.6
5317.0,8.3
5318.0,8.3
5319.0,8.3
5320.0,8.1
5321.0,8.1
5322.0,8.1
5323.0,9.3
5324.0,9.3
5325.0,9.3
5326.0,7.9
5327.0,7.9
5328.0,7.9
5329.0,8.1
5330.0,8.1
5331.0,8.1
5332.0,8.6
5333.0,8.6
5334.0,8.6
5335.0,8.5
5336.0,8.5
5337.0,8.5
5338.0,8.3
5339.0,8.3
5340.0,8.3
5341.0,8.5
5342.0,8.5
5343.0,8.5
5344.0,7.5
5345.0,7.5
5346.0,7.5
5347.0,8.3
5348.0,8.3
5349.0,8.3
5350.0,8.1
5351.0,8.1
5352.0,8.1
5353.0,8.1
5354.0,8.1
5355.0,8.1
5356.0,8.1
5357.0,8.1
5358.0,8.1
5359.0,8.3
5360.0,8.3
5361.0,8.3
5362.0,8.3
5363.0,8.3
5364.0,8.3
5365.0,8.1
5366.0,8.1
5367.0,8.1
5368.0,8.8
5369.0,8.8
5370.0,8.8
5371.0,8.3
5372.0,8.3
5373.0,8.3
5374.0,7.9
5375.0,7.9
5376.0,7.9
5377.0,8.3
5378.0,8.3
5379.0,8.3
5380.0,8.6
5381.0,8.6
5382.0,8.6
5383.0,8.8
5384.0,8.8
5385.0,8.8
5386.0,7.8
5387.0,7.8
5388.0,7.8
5389.0,8.6
5390.0,8.6
5391.0,8.6
5392.0,8.1
5393.0,8.1
5394.0,8.1
5395.0,8.6
5396.0,8.6
5397.0,8.6
5398.0,8.8
5399.0,8.8
5400.0,8.8
5401.0,8.3
5402.0,8.3
5403.0,8.3
5404.0,8.6
5405.0,8.6
5406.0,8.6
5407.0,8.8
5408.0,8.8
5409.0,8.8
5410.0,7.9
5411.0,7.9
5412.0,7.9
5413.0,8.0
5414.0,8.0
5415.0,8.0
5416.0,8.1
5417.0,8.1
5418.0,8.1
5419.0,9.1
5420.0,9.1
5421.0,9.1
5422.0,8.1
5423.0,8.1
5424.0,8.1
5425.0,8.8
5426.0,8.8
5427.0,8.8
5428.0,8.1
5429.0,8.1
5430.0,8.1
5431.0,8.5
5432.0,8.5
5433.0,8.5
5434.0,8.3
5435.0,8.3
5436.0,8.3
5437.0,9.0
5438.0,9.0
5439.0,9.0
5440.0,8.3
5441.0,8.3
5442.0,8.3
5443.0,8.0
5444.0,8.0
5445.0,8.0
5446.0,8.3
5447.0,8.3
5448.0,8.3
5449.0,8.1
5450.0,8.1
5451.0,8.1
5452.0,8.6
5453.0,8.6
5454.0,8.6
5455.0,8.6
5456.0,8.6
5457.0,8.6
5458.0,8.1
5459.0,8.1
5460.0,8.1
5461.0,8.3
5462.0,8.3
5463.0,8.3
5464.0,8.1
5465.0,8.1
5466.0,8.1
5467.0,8.1
5468.0,8.1
5469.0,8.1
5470.0,8.6
5471.0,8.6
5472.0,8.6
5473.0,8.0
5474.0,8.0
5475.0,8.0
5476.0,8.1
5477.0,8.1
5478.0,8.1
5479.0,8.6
5480.0,8.6
5481.0,8.6
5482.0,8.3
5483.0,8.3
5484.0,8.3
5485.0,7.5
5486.0,7.5
5487.0,7.5
5488.0,8.8
5489.0,8.8
5490.0,8.8
5491.0,7.5
5492.0,7.5
5493.0,7.5
5494.0,8.3
5495.0,8.3
5496.0,8.3
5497.0,8.3
5498.0,8.3
5499.0,8.3
5500.0,8.5
5501.0,8.5
5502.0,8.5
5503.0,8.6
5504.0,8.6
5505.0,8.6
5506.0,7.5
5507.0,7.5
5508.0,7.5
5509.0,8.3
5510.0,8.3
5511.0,8.3
5512.0,8.1
5513.0,8.1
5514.0,8.1
5515.0,9.0
5516.0,9.0
5517.0,9.0
5518.0,8.0
5519.0,8.0
5520.0,8.0
5521.0,8.6
5522.0,8.6
5523.0,8.6
5524.0,8.5
5525.0,8.5
5526.0,8.5
5527.0,8.6
5528.0,8.6
5529.0,8.6
5530.0,8.1
5531.0,8.1
5532.0,8.1
5533.0,8.1
5534.0,8.1
5535.0,8.1
5536.0,8.3
5537.0,8.3
5538.0,8.3
5539.0,8.8
5540.0,8.8
5541.0,8.8
5542.0,8.6
5543.0,8.6
5544.0,8.6
5545.0,8.8
5546.0,8.8
5547.0,8.8
5548.0,7.6
5549.0,7.6
5550.0,7.6
5551.0,8.8
5552.0,8.8
5553.0,8.8
5554.0,8.3
5555.0,8.3
5556.0,8.3
5557.0,9.1
5558.0,9.1
5559.0,9.1
5560.0,8.6
5561.0,8.6
5562.0,8.6
5563.0,8.3
5564.0,8.3
5565.0,8.3
5566.0,8.8
5567.0,8.8
5568.0,8.8
5569.0,8.1
5570.0,8.1
5571.0,8.1
5572.0,9.1
5573.0,9.1
5574.0,9.1
5575.0,8.3
5576.0,8.3
5577.0,8.3
5578.0,8.3
5579.0,8.3
5580.0,8.3
5581.0,8.0
5582.0,8.0
5583.0,8.0
5584.0,8.6
5585.0,8.6
5586.0,8.6
5587.0,8.8
5588.0,8.8
5589.0,8.8
5590.0,8.1
5591.0,8.1
5592.0,8.1
5593.0,8.6
5594.0,8.6
5595.0,8.6
5596.0,8.8
5597.0,8.8
5598.0,8.8
5599.0,8.5
5600.0,8.5
5601.0,8.5
5602.0,7.9
5603.0,7.9
5604.0,7.9
5605.0,8.1
5606.0,8.1
5607.0,8.1
5608.0,8.3
5609.0,8.3
5610.0,8.3
5611.0,8.6
5612.0,8.6
5613.0,8.6
5614.0,8.5
5615.0,8.5
5616.0,8.5
5617.0,8.5
5618.0,8.5
5619.0,8.5
5620.0,8.1
5621.0,8.1
5622.0,8.1
5623.0,8.3
5624.0,8.3
5625.0,8.3
5626.0,9.0
5627.0,9.0
5628.0,9.0
5629.0,8.6
5630.0,8.6
5631.0,8.6
5632.0,9.0
5633.0,9.0
5634.0,9.0
5635.0,8.3
5636.0,8.3
5637.0,8.3
5638.0,9.0
5639.0,9.0
5640.0,9.0
5641.0,8.6
5642.0,8.6
5643.0,8.6
5644.0,8.1
5645.0,8.1
5646.0,8.1
5647.0,8.8
5648.0,8.8
5649.0,8.8
5650.0,8.3
5651.0,8.3
5652.0,8.3
5653.0,8.3
5654.0,8.3
5655.0,8.3
5656.0,7.9
5657.0,7.9
5658.0,7.9
5659.0,8.3
5660.0,8.3
5661.0,8.3
5662.0,8.8
5663.0,8.8
5664.0,8.8
5665.0,8.3
5666.0,8.3
5667.0,8.3
5668.0,8.3
5669.0,8.3
5670.0,8.3
5671.0,8.1
5672.0,8.1
5673.0,8.1
5674.0,8.3
5675.0,8.3
5676.0,8.3
5677.0,8.8
5678.0,8.8
5679.0,8.8
5680.0,7.9
5681.0,7.9
5682.0,7.9
5683.0,8.6
5684.0,8.6
5685.0,8.6
5686.0,8.3
5687.0,8.3
5688.0,8.3
5689.0,8.1
5690.0,8.1
5691.0,8.1
5692.0,8.8
5693.0,8.8
5694.0,8.8
5695.0,8.3
5696.0,8.3
5697.0,8.3
5698.0,8.3
5699.0,8.3
5700.0,8.3
5701.0,8.8
5702.0,8.8
5703.0,8.8
5704.0,8.1
5705.0,8.1
5706.0,8.1
5707.0,8.3
5708.0,8.3
5709.0,8.3
5710.0,8.3
5711.0,8.3
5712.0,8.3
5713.0,8.1
5714.0,8.1
5715.0,8.1
5716.0,8.3
5717.0,8.3
5718.0,8.3
5719.0,8.6
5720.0,8.6
5721.0,8.6
5722.0,7.5
5723.0,7.5
5724.0,7.5
5725.0,8.6
5726.0,8.6
5727.0,8.6
5728.0,7.6
5729.0,7.6
5730.0,7.6
5731.0,8.1
5732.0,8.1
5733.0,8.1
5734.0,8.6
5735.0,8.6
5736.0,8.6
5737.0,8.3
5738.0,8.3
5739.0,8.3
5740.0,8.5
5741.0,8.5
5742.0,8.5
5743.0,8.6
5744.0,8.6
5745.0,8.6
5746.0,8.6
5747.0,8.6
5748.0,8.6
5749.0,8.8
5750.0,8.8
5751.0,8.8
5752.0,9.1
5753.0,9.1
5754.0,9.1
5755.0,8.8
5756.0,8.8
5757.0,8.8
5758.0,9.0
5759.0,9.0
5760.0,9.0
5761.0,9.6
5762.0,9.6
5763.0,9.6
5764.0,9.5
5765.0,9.5
5766.0,9.5
5767.0,9.0
5768.0,9.0
5769.0,9.0
5770.0,9.3
5771.0,9.3
5772.0,9.3
5773.0,8.6
5774.0,8.6
5775.0,8.6
5776.0,9.0
5777.0,9.0
5778.0,9.0
5779.0,9.5
5780.0,9.5
5781.0,9.5
5782.0,9.1
5783.0,9.1
5784.0,9.1
5785.0,9.0
5786.0,9.0
5787.0,9.0
5788.0,9.3
5789.0,9.3
5790.0,9.3
5791.0,8.5
5792.0,8.5
5793.0,8.5
5794.0,8.8
5795.0,8.8
5796.0,8.8
5797.0,9.1
5798.0,9.1
5799.0,9.1
5800.0,9.1
5801.0,9.1
5802.0,9.1
5803.0,9.0
5804.0,9.0
5805.0,9.0
5806.0,9.0
5807.0,9.0
5808.0,9.0
5809.0,8.3
5810.0,8.3
5811.0,8.3
5812.0,9.1
5813.0,9.1
5814.0,9.1
5815.0,8.5
5816.0,8.5
5817.0,8.5
5818.0,9.0
5819.0,9.0
5820.0,9.0
5821.0,9.5
5822.0,9.5
5823.0,9.5
5824.0,9.3
5825.0,9.3
5826.0,9.3
5827.0,8.6
5828.0,8.6
5829.0,8.6
5830.0,9.1
5831.0,9.1
5832.0,9.1
5833.0,8.8
5834.0,8.8
5835.0,8.8
5836.0,9.6
5837.0,9.6
5838.0,9.6
5839.0,9.0
5840.0,9.0
5841.0,9.0
5842.0,9.1
5843.0,9.1
5844.0,9.1
5845.0,9.0
5846.0,9.0
5847.0,9.0
5848.0,9.0
5849.0,9.0
5850.0,9.0
5851.0,10.3
5852.0,10.3
5853.0,10.3
5854.0,9.1
5855.0,9.1
5856.0,9.1
5857.0,9.3
5858.0,9.3
5859.0,9.3
5860.0,9.1
5861.0,9.1
5862.0,9.1
5863.0,9.3
5864.0,9.3
5865.0,9.3
5866.0,9.8
5867.0,9.8
5868.0,9.8
5869.0,9.3
5870.0,9.3
5871.0,9.3
5872.0,9.3
5873.0,9.3
5874.0,9.3
5875.0,9.1
5876.0,9.1
5877.0,9.1
5878.0,8.8
5879.0,8.8
5880.0,8.8
5881.0,9.3
5882.0,9.3
5883.0,9.3
5884.0,9.1
5885.0,9.1
5886.0,9.1
5887.0,9.3
5888.0,9.3
5889.0,9.3
5890.0,9.3
5891.0,9.3
5892.0,9.3
5893.0,9.1
5894.0,9.1
5895.0,9.1
5896.0,9.6
5897.0,9.6
5898.0,9.6
5899.0,9.3
5900.0,9.3
5901.0,9.3
5902.0,8.8
5903.0,8.8
5904.0,8.8
5905.0,9.0
5906.0,9.0
5907.0,9.0
5908.0,8.8
5909.0,8.8
5910.0,8.8
5911.0,9.3
5912.0,9.3
5913.0,9.3
5914.0,9.0
5915.0,9.0
5916.0,9.0
5917.0,10.1
5918.0,10.1
5919.0,10.1
5920.0,9.6
5921.0,9.6
5922.0,9.6
5923.0,9.3
5924.0,9.3
5925.0,9.3
5926.0,9.6
5927.0,9.6
5928.0,9.6
5929.0,8.6
5930.0,8.6
5931.0,8.6
5932.0,9.1
5933.0,9.1
5934.0,9.1
5935.0,9.1
5936.0,9.1
5937.0,9.1
5938.0,9.0
5939.0,9.0
5940.0,9.0
5941.0,9.1
5942.0,9.1
5943.0,9.1
5944.0,9.6
5945.0,9.6
5946.0,9.6
5947.0,9.3
5948.0,9.3
5949.0,9.3
5950.0,9.1
5951.0,9.1
5952.0,9.1
5953.0,9.1
5954.0,9.1
5955.0,9.1
5956.0,9.3
5957.0,9.3
5958.0,9.3
5959.0,8.6
5960.0,8.6
5961.0,8.6
5962.0,9.6
5963.0,9.6
5964.0,9.6
5965.0,8.8
5966.0,8.8
5967.0,8.8
5968.0,9.1
5969.0,9.1
5970.0,9.1
5971.0,9.3
5972.0,9.3
5973.0,9.3
5974.0,8.6
5975.0,8.6
5976.0,8.6
5977.0,9.6
5978.0,9.6
5979.0,9.6
5980.0,9.3
5981.0,9.3
5982.0,9.3
5983.0,8.6
5984.0,8.6
5985.0,8.6
5986.0,9.5
5987.0,9.5
5988.0,9.5
5989.0,8.8
5990.0,8.8
5991.0,8.8
5992.0,9.1
5993.0,9.1
5994.0,9.1
5995.0,9.0
5996.0,9.0
5997.0,9.0
5998.0,9.1
5999.0,9.1
6000.0,9.1
6001.0,9.1
6002.0,9.1
6003.0,9.1
6004.0,9.5
6005.0,9.5
6006.0,9.5
6007.0,9.3
6008.0,9.3
6009.0,9.3
6010.0,9.3
6011.0,9.3
6012.0,9.3
6013.0,9.1
6014.0,9.1
6015.0,9.1
6016.0,9.6
6017.0,9.6
6018.0,9.6
6019.0,8.6
6020.0,8.6
6021.0,8.6
6022.0,9.3
6023.0,9.3
6024.0,9.3
6025.0,9.6
6026.0,9.6
6027.0,9.6
6028.0,8.8
6029.0,8.8
6030.0,8.8
6031.0,9.0
6032.0,9.0
6033.0,9.0
6034.0,8.8
6035.0,8.8
6036.0,8.8
6037.0,8.8
6038.0,8.8
6039.0,8.8
6040.0,9.3
6041.0,9.3
6042.0,9.3
6043.0,9.5
6044.0,9.5
6045.0,9.5
6046.0,9.8
6047.0,9.8
6048.0,9.8
6049.0,9.1
6050.0,9.1
6051.0,9.1
6052.0,8.6
6053.0,8.6
6054.0,8.6
6055.0,9.0
6056.0,9.0
6057.0,9.0
6058.0,9.1
6059.0,9.1
6060.0,9.1
6061.0,8.8
6062.0,8.8
6063.0,8.8
6064.0,9.6
6065.0,9.6
6066.0,9.6
6067.0,8.6
6068.0,8.6
6069.0,8.6
6070.0,9.5
6071.0,9.5
6072.0,9.5
6073.0,9.1
6074.0,9.1
6075.0,9.1
6076.0,9.3
6077.0,9.3
6078.0,9.3
6079.0,8.6
6080.0,8.6
6081.0,8.6
6082.0,8.8
6083.0,8.8
6084.0,8.8
6085.0,9.0
6086.0,9.0
6087.0,9.0
6088.0,9.1
6089.0,9.1
6090.0,9.1
6091.0,9.1
6092.0,9.1
6093.0,9.1
6094.0,8.6
6095.0,8.6
6096.0,8.6
6097.0,8.6
6098.0,8.6
6099.0,8.6
6100.0,9.3
6101.0,9.3
6102.0,9.3
6103.0,9.1
6104.0,9.1
6105.0,9.1
6106.0,9.5
6107.0,9.5
6108.0,9.5
6109.0,9.3
6110.0,9.3
6111.0,9.3
6112.0,8.8
6113.0,8.8
6114.0,8.8
6115.0,9.0
6116.0,9.0
6117.0,9.0
6118.0,8.8
6119.0,8.8
6120.0,8.8
6121.0,8.8
6122.0,8.8
6123.0,8.8
6124.0,9.5
6125.0,9.5
6126.0,9.5
6127.0,8.8
6128.0,8.8
6129.0,8.8
6130.0,9.1
6131.0,9.1
6132.0,9.1
6133.0,8.8
6134.0,8.8
6135.0,8.8
6136.0,9.3
6137.0,9.3
6138.0,9.3
6139.0,9.0
6140.0,9.0
6141.0,9.0
6142.0,9.8
6143.0,9.8
6144.0,9.8
6145.0,8.6
6146.0,8.6
6147.0,8.6
6148.0,9.3
6149.0,9.3
6150.0,9.3
6151.0,9.1
6152.0,9.1
6153.0,9.1
6154.0,9.8
6155.0,9.8
6156.0,9.8
6157.0,9.3
6158.0,9.3
6159.0,9.3
6160.0,9.3
6161.0,9.3
6162.0,9.3
6163.0,8.6
6164.0,8.6
6165.0,8.6
6166.0,9.5
6167.0,9.5
6168.0,9.5
6169.0,9.1
6170.0,9.1
6171.0,9.1
6172.0,9.3
6173.0,9.3
6174.0,9.3
6175.0,9.1
6176.0,9.1
6177.0,9.1
6178.0,8.8
6179.0,8.8
6180.0,8.8
6181.0,9.1
6182.0,9.1
6183.0,9.1
6184.0,9.1
6185.0,9.1
6186.0,9.1
6187.0,9.0
6188.0,9.0
6189.0,9.0
6190.0,9.6
6191.0,9.6
6192.0,9.6
6193.0,8.8
6194.0,8.8
6195.0,8.8
6196.0,8.6
6197.0,8.6
6198.0,8.6
6199.0,9.3
6200.0,9.3
6201.0,9.3
6202.0,9.6
6203.0,9.6
6204.0,9.6
6205.0,9.1
6206.0,9.1
6207.0,9.1
6208.0,9.1
6209.0,9.1
6210.0,9.1
6211.0,9.5
6212.0,9.5
6213.0,9.5
6214.0,9.6
6215.0,9.6
6216.0,9.6
6217.0,9.6
6218.0,9.6
6219.0,9.6
6220.0,9.1
6221.0,9.1
6222.0,9.1
6223.0,9.1
6224.0,9.1
6225.0,9.1
6226.0,9.3
6227.0,9.3
6228.0,9.3
6229.0,9.3
6230.0,9.3
6231.0,9.3
6232.0,8.6
6233.0,8.6
6234.0,8.6
6235.0,8.8
6236.0,8.8
6237.0,8.8
6238.0,9.0
6239.0,9.0
6240.0,9.0
6241.0,8.6
6242.0,8.6
6243.0,8.6
6244.0,9.6
6245.0,9.6
6246.0,9.6
6247.0,8.8
6248.0,8.8
6249.0,8.8
6250.0,9.1
6251.0,9.1
6252.0,9.1
6253.0,10.1
6254.0,10.1
6255.0,10.1
6256.0,9.8
6257.0,9.8
6258.0,9.8
6259.0,9.1
6260.0,9.1
6261.0,9.1
6262.0,10.0
6263.0,10.0
6264.0,10.0
6265.0,10.0
6266.0,10.0
6267.0,10.0
6268.0,9.5
6269.0,9.5
6270.0,9.5
6271.0,10.6
6272.0,10.6
6273.0,10.6
6274.0,10.0
6275.0,10.0
6276.0,10.0
6277.0,9.8
6278.0,9.8
6279.0,9.8
6280.0,10.3
6281.0,10.3
6282.0,10.3
6283.0,9.8
6284.0,9.8
6285.0,9.8
6286.0,10.3
6287.0,10.3
6288.0,10.3
6289.0,9.6
6290.0,9.6
6291.0,9.6
6292.0,10.1
6293.0,10.1
6294.0,10.1
6295.0,9.6
6296.0,9.6
6297.0,9.6
6298.0,9.3
6299.0,9.3
6300.0,9.3
6301.0,11.0
6302.0,11.0
6303.0,11.0
6304.0,9.8
6305.0,9.8
6306.0,9.8
6307.0,10.1
6308.0,10.1
6309.0,10.1
6310.0,9.6
6311.0,9.6
6312.0,9.6
6313.0,9.8
6314.0,9.8
6315.0,9.8
6316.0,9.6
6317.0,9.6
6318.0,9.6
6319.0,9.8
6320.0,9.8
6321.0,9.8
6322.0,9.8
6323.0,9.8
6324.0,9.8
6325.0,9.8
6326.0,9.8
6327.0,9.8
6328.0,10.3
6329.0,10.3
6330.0,10.3
6331.0,10.1
6332.0,10.1
6333.0,10.1
6334.0,9.8
6335.0,9.8
6336.0,9.8
6337.0,10.5
6338.0,10.5
6339.0,10.5
6340.0,9.3
6341.0,9.3
6342.0,9.3
6343.0,10.3
6344.0,10.3
6345.0,10.3
6346.0,10.1
6347.0,10.1
6348.0,10.1
6349.0,10.6
6350.0,10.6
6351.0,10.6
6352.0,9.6
6353.0,9.6
6354.0,9.6
6355.0,9.8
6356.0,9.8
6357.0,9.8
6358.0,9.6
6359.0,9.6
6360.0,9.6
6361.0,10.5
6362.0,10.5
6363.0,10.5
6364.0,10.1
6365.0,10.1
6366.0,10.1
6367.0,9.6
6368.0,9.6
6369.0,9.6
6370.0,10.0
6371.0,10.0
6372.0,10.0
6373.0,9.1
6374.0,9.1
6375.0,9.1
6376.0,10.0
6377.0,10.0
6378.0,10.0
6379.0,10.1
6380.0,10.1
6381.0,10.1
6382.0,9.8
6383.0,9.8
6384.0,9.8
6385.0,10.3
6386.0,10.3
6387.0,10.3
6388.0,10.1
6389.0,10.1
6390.0,10.1
6391.0,9.8
6392.0,9.8
6393.0,9.8
6394.0,10.0
6395.0,10.0
6396.0,10.0
6397.0,9.5
6398.0,9.5
6399.0,9.5
6400.0,9.5
6401.0,9.5
6402.0,9.5
6403.0,9.8
6404.0,9.8
6405.0,9.8
6406.0,10.3
6407.0,10.3
6408.0,10.3
6409.0,10.1
6410.0,10.1
6411.0,10.1
6412.0,9.8
6413.0,9.8
6414.0,9.8
6415.0,10.1
6416.0,10.1
6417.0,10.1
6418.0,10.3
6419.0,10.3
6420.0,10.3
6421.0,10.1
6422.0,10.1
6423.0,10.1
6424.0,10.0
6425.0,10.0
6426.0,10.0
6427.0,10.0
6428.0,10.0
6429.0,10.0
6430.0,10.3
6431.0,10.3
6432.0,10.3
6433.0,10.1
6434.0,10.1
6435.0,10.1
6436.0,10.1
6437.0,10.1
6438.0,10.1
6439.0,10.1
6440.0,10.1
6441.0,10.1
6442.0,10.1
6443.0,10.1
6444.0,10.1
6445.0,10.8
6446.0,10.8
6447.0,10.8
6448.0,10.1
6449.0,10.1
6450.0,10.1
6451.0,10.1
6452.0,10.1
6453.0,10.1
6454.0,10.1
6455.0,10.1
6456.0,10.1
6457.0,9.6
6458.0,9.6
6459.0,9.6
6460.0,10.6
6461.0,10.6
6462.0,10.6
6463.0,10.6
6464.0,10.6
6465.0,10.6
6466.0,9.8
6467.0,9.8
6468.0,9.8
6469.0,10.0
6470.0,10.0
6471.0,10.0
6472.0,10.3
6473.0,10.3
6474.0,10.3
6475.0,10.5
6476.0,10.5
6477.0,10.5
6478.0,9.8
6479.0,9.8
6480.0,9.8
6481.0,9.8
6482.0,9.8
6483.0,9.8
6484.0,10.1
6485.0,10.1
6486.0,10.1
6487.0,9.6
6488.0,9.6
6489.0,9.6
6490.0,10.1
6491.0,10.1
6492.0,10.1
6493.0,10.1
6494.0,10.1
6495.0,10.1
6496.0,10.1
6497.0,10.1
6498.0,10.1
6499.0,10.3
6500.0,10.3
6501.0,10.3
6502.0,10.8
6503.0,10.8
6504.0,10.8
6505.0,10.0
6506.0,10.0
6507.0,10.0
6508.0,10.0
6509.0,10.0
6510.0,10.0
6511.0,9.8
6512.0,9.8
6513.0,9.8
6514.0,10.3
6515.0,10.3
6516.0,10.3
6517.0,9.8
6518.0,9.8
6519.0,9.8
6520.0,10.0
6521.0,10.0
6522.0,10.0
6523.0,9.8
6524.0,9.8
6525.0,9.8
6526.0,9.6
6527.0,9.6
6528.0,9.6
6529.0,10.1
6530.0,10.1
6531.0,10.1
6532.0,10.6
6533.0,10.6
6534.0,10.6
6535.0,10.3
6536.0,10.3
6537.0,10.3
6538.0,10.3
6539.0,10.3
6540.0,10.3
6541.0,9.8
6542.0,9.8
6543.0,9.8
6544.0,10.6
6545.0,10.6
6546.0,10.6
6547.0,9.8
6548.0,9.8
6549.0,9.8
6550.0,10.1
6551.0,10.1
6552.0,10.1
6553.0,10.1
6554.0,10.1
6555.0,10.1
6556.0,10.5
6557.0,10.5
6558.0,10.5
6559.0,10.0
6560.0,10.0
6561.0,10.0
6562.0,10.3
6563.0,10.3
6564.0,10.3
6565.0,9.8
6566.0,9.8
6567.0,9.8
6568.0,10.6
6569.0,10.6
6570.0,10.6
6571.0,10.1
6572.0,10.1
6573.0,10.1
6574.0,10.6
6575.0,10.6
6576.0,10.6
6577.0,9.8
6578.0,9.8
6579.0,9.8
6580.0,9.8
6581.0,9.8
6582.0,9.8
6583.0,10.1
6584.0,10.1
6585.0,10.1
6586.0,10.8
6587.0,10.8
6588.0,10.8
6589.0,10.1
6590.0,10.1
6591.0,10.1
6592.0,10.8
6593.0,10.8
6594.0,10.8
6595.0,10.0
6596.0,10.0
6597.0,10.0
6598.0,10.1
6599.0,10.1
6600.0,10.1
6601.0,9.8
6602.0,9.8
6603.0,9.8
6604.0,9.8
6605.0,9.8
6606.0,9.8
6607.0,10.8
6608.0,10.8
6609.0,10.8
6610.0,10.5
6611.0,10.5
6612.0,10.5
6613.0,9.5
6614.0,9.5
6615.0,9.5
6616.0,10.6
6617.0,10.6
6618.0,10.6
6619.0,9.6
6620.0,9.6
6621.0,9.6
6622.0,10.6
6623.0,10.6
6624.0,10.6
6625.0,9.8
6626.0,9.8
6627.0,9.8
6628.0,10.0
6629.0,10.0
6630.0,10.0
6631.0,9.6
6632.0,9.6
6633.0,9.6
6634.0,10.1
6635.0,10.1
6636.0,10.1
6637.0,10.1
6638.0,10.1
6639.0,10.1
6640.0,10.1
6641.0,10.1
6642.0,10.1
6643.0,10.3
6644.0,10.3
6645.0,10.3
6646.0,10.5
6647.0,10.5
6648.0,10.5
6649.0,10.0
6650.0,10.0
6651.0,10.0
6652.0,10.0
6653.0,10.0
6654.0,10.0
6655.0,9.8
6656.0,9.8
6657.0,9.8
6658.0,10.0
6659.0,10.0
6660.0,10.0
6661.0,10.6
6662.0,10.6
6663.0,10.6
6664.0,10.1
6665.0,10.1
6666.0,10.1
6667.0,11.3
6668.0,11.3
6669.0,11.3
6670.0,10.1
6671.0,10.1
6672.0,10.1
6673.0,10.3
6674.0,10.3
6675.0,10.3
6676.0,11.1
6677.0,11.1
6678.0,11.1
6679.0,10.0
6680.0,10.0
6681.0,10.0
6682.0,9.8
6683.0,9.8
6684.0,9.8
6685.0,10.8
6686.0,10.8
6687.0,10.8
6688.0,10.0
6689.0,10.0
6690.0,10.0
6691.0,10.3
6692.0,10.3
6693.0,10.3
6694.0,10.3
6695.0,10.3
6696.0,10.3
6697.0,10.5
6698.0,10.5
6699.0,10.5
6700.0,10.8
6701.0,10.8
6702.0,10.8
6703.0,10.6
6704.0,10.6
6705.0,10.6
6706.0,9.8
6707.0,9.8
6708.0,9.8
6709.0,10.8
6710.0,10.8
6711.0,10.8
6712.0,10.3
6713.0,10.3
6714.0,10.3
6715.0,11.1
6716.0,11.1
6717.0,11.1
6718.0,10.1
6719.0,10.1
6720.0,10.1
6721.0,10.1
6722.0,10.1
6723.0,10.1
6724.0,10.3
6725.0,10.3
6726.0,10.3
6727.0,10.6
6728.0,10.6
6729.0,10.6
6730.0,10.3
6731.0,10.3
6732.0,10.3
6733.0,10.0
6734.0,10.0
6735.0,10.0
6736.0,10.5
6737.0,10.5
6738.0,10.5
6739.0,9.6
6740.0,9.6
6741.0,9.6
6742.0,10.3
6743.0,10.3
6744.0,10.3
6745.0,10.1
6746.0,10.1
6747.0,10.1
6748.0,10.3
6749.0,10.3
6750.0,10.3
6751.0,10.8
6752.0,10.8
6753.0,10.8
6754.0,10.6
6755.0,10.6
6756.0,10.6
6757.0,9.8
6758.0,9.8
6759.0,9.8
6760.0,10.1
6761.0,10.1
6762.0,10.1
6763.0,10.0
6764.0,10.0
6765.0,10.0
6766.0,10.6
6767.0,10.6
6768.0,10.6
6769.0,10.0
6770.0,10.0
6771.0,10.0
6772.0,10.0
6773.0,10.0
6774.0,10.0
6775.0,9.8
6776.0,9.8
6777.0,9.8
6778.0,10.5
6779.0,10.5
6780.0,10.5
6781.0,10.3
6782.0,10.3
6783.0,10.3
6784.0,10.3
6785.0,10.3
6786.0,10.3
6787.0,9.8
6788.0,9.8
6789.0,9.8
6790.0,10.8
6791.0,10.8
6792.0,10.8
6793.0,11.1
6794.0,11.1
6795.0,11.1
6796.0,10.3
6797.0,10.3
6798.0,10.3
6799.0,10.5
6800.0,10.5
6801.0,10.5
6802.0,10.6
6803.0,10.6
6804.0,10.6
6805.0,9.8
6806.0,9.8
6807.0,9.8
6808.0,10.1
6809.0,10.1
6810.0,10.1
6811.0,10.3
6812.0,10.3
6813.0,10.3
6814.0,10.0
6815.0,10.0
6816.0,10.0
6817.0,10.5
6818.0,10.5
6819.0,10.5
6820.0,10.1
6821.0,10.1
6822.0,10.1
6823.0,9.8
6824.0,9.8
6825.0,9.8
6826.0,10.1
6827.0,10.1
6828.0,10.1
6829.0,10.8
6830.0,10.8
6831.0,10.8
6832.0,10.3
6833.0,10.3
6834.0,10.3
6835.0,10.1
6836.0,10.1
6837.0,10.1
6838.0,10.1
6839.0,10.1
6840.0,10.1
6841.0,9.8
6842.0,9.8
6843.0,9.8
6844.0,9.6
6845.0,9.6
6846.0,9.6
6847.0,10.6
6848.0,10.6
6849.0,10.6
6850.0,10.3
6851.0,10.3
6852.0,10.3
6853.0,10.6
6854.0,10.6
6855.0,10.6
6856.0,10.3
6857.0,10.3
6858.0,10.3
6859.0,10.1
6860.0,10.1
6861.0,10.1
6862.0,10.1
6863.0,10.1
6864.0,10.1
6865.0,10.5
6866.0,10.5
6867.0,10.5
6868.0,10.8
6869.0,10.8
6870.0,10.8
6871.0,10.6
6872.0,10.6
6873.0,10.6
6874.0,10.1
6875.0,10.1
6876.0,10.1
6877.0,10.0
6878.0,10.0
6879.0,10.0
6880.0,10.3
6881.0,10.3
6882.0,10.3
6883.0,10.6
6884.0,10.6
6885.0,10.6
6886.0,10.8
6887.0,10.8
6888.0,10.8
6889.0,11.1
6890.0,11.1
6891.0,11.1
6892.0,8.6
6893.0,8.6
6894.0,8.6
6895.0,5.8
6896.0,5.8
6897.0,5.8
6898.0,3.5
6899.0,3.5
6900.0,3.5
6901.0,0.0
6902.0,0.0
6903.0,0.0
6904.0,0.1
6905.0,0.1
6906.0,0.1
6907.0,0.0
6908.0,0.0
6909.0,0.0
6910.0,0.0
6911.0,0.0
6912.0,0.0
6913.0,0.0
6914.0,0.0
6915.0,0.0
6916.0,0.0
6917.0,0.0
6918.0,0.0
6919.0,0.0
6920.0,0.0
6921.0,0.0
6922.0,0.0
6923.0,0.0
6924.0,0.0
6925.0,0.0
6926.0,0.0
6927.0,0.0
6928.0,0.0
6929.0,0.0
6930.0,0.0
6931.0,0.0
6932.0,0.0
6933.0,0.0
6934.0,0.0
6935.0,0.0
6936.0,0.0
6937.0,0.0
6938.0,0.0
6939.0,0.0
6940.0,0.0
6941.0,0.0
6942.0,0.0
6943.0,0.0
6944.0,0.0
6945.0,0.0
6946.0,0.1
6947.0,0.1
6948.0,0.1
6949.0,0.0
6950.0,0.0
6951.0,0.0
6952.0,0.0
6953.0,0.0
6954.0,0.0
6955.0,0.1
6956.0,0.1
6957.0,0.1
6958.0,0.0
6959.0,0.0
6960.0,0.0
6961.0,0.0
6962.0,0.0
6963.0,0.0
6964.0,0.1
6965.0,0.1
6966.0,0.1
6967.0,0.0
6968.0,0.0
6969.0,0.0
6970.0,0.0
6971.0,0.0
6972.0,0.0
6973.0,0.0
6974.0,0.0
6975.0,0.0
6976.0,0.0
6977.0,0.0
6978.0,0.0
6979.0,0.0
6980.0,0.0
6981.0,0.0
6982.0,0.1
6983.0,0.1
6984.0,0.1
6985.0,0.0
6986.0,0.0
6987.0,0.0
6988.0,0.0
6989.0,0.0
6990.0,0.0
6991.0,0.0
6992.0,0.0
6993.0,0.0
6994.0,0.0
6995.0,0.0
6996.0,0.0
6997.0,0.0
6998.0,0.0
6999.0,0.0
7000.0,0.0
7001.0,0.0
7002.0,0.0
7003.0,0.0
7004.0,0.0
7005.0,0.0
7006.0,0.1
7007.0,0.1
7008.0,0.1
7009.0,0.1
7010.0,0.1
7011.0,0.1
7012.0,0.0
7013.0,0.0
7014.0,0.0
7015.0,0.0
7016.0,0.0
7017.0,0.0
7018.0,0.0
7019.0,0.0
7020.0,0.0
7021.0,0.0
7022.0,0.0
7023.0,0.0
7024.0,0.0
7025.0,0.0
7026.0,0.0
7027.0,0.0
7028.0,0.0
7029.0,0.0
7030.0,0.1
7031.0,0.1
7032.0,0.1
7033.0,0.0
7034.0,0.0
7035.0,0.0
7036.0,0.0
7037.0,0.0
7038.0,0.0
7039.0,0.0
7040.0,0.0
7041.0,0.0
7042.0,0.0
7043.0,0.0
7044.0,0.0
7045.0,0.0
7046.0,0.0
7047.0,0.0
7048.0,0.0
7049.0,0.0
7050.0,0.0
7051.0,0.0
7052.0,0.0
7053.0,0.0
7054.0,0.0
7055.0,0.0
7056.0,0.0
7057.0,0.0
7058.0,0.0
7059.0,0.0
7060.0,0.0
7061.0,0.0
7062.0,0.0
7063.0,0.0
7064.0,0.0
7065.0,0.0
7066.0,0.0
7067.0,0.0
7068.0,0.0
7069.0,0.1
7070.0,0.1
7071.0,0.1
7072.0,0.0
7073.0,0.0
7074.0,0.0
7075.0,0.1
7076.0,0.1
7077.0,0.1
7078.0,0.0
7079.0,0.0
7080.0,0.0
7081.0,0.0
7082.0,0.0
7083.0,0.0
7084.0,0.0
7085.0,0.0
7086.0,0.0
7087.0,0.1
7088.0,0.1
7089.0,0.1
7090.0,0.0
7091.0,0.0
7092.0,0.0
7093.0,0.0
7094.0,0.0
7095.0,0.0
7096.0,0.0
7097.0,0.0
7098.0,0.0
7099.0,0.0
7100.0,0.0
7101.0,0.0
7102.0,0.0
7103.0,0.0
7104.0,0.0
7105.0,0.1
7106.0,0.1
7107.0,0.1
7108.0,0.0
7109.0,0.0
7110.0,0.0
7111.0,0.0
7112.0,0.0
7113.0,0.0
7114.0,0.0
7115.0,0.0
7116.0,0.0
7117.0,0.0
7118.0,0.0
7119.0,0.0
7120.0,0.0
7121.0,0.0
7122.0,0.0
7123.0,0.0
7124.0,0.0
7125.0,0.0
7126.0,0.0
7127.0,0.0
7128.0,0.0
7129.0,0.0
7130.0,0.0
7131.0,0.0
7132.0,0.0
7133.0,0.0
7134.0,0.0
7135.0,0.0
7136.0,0.0
7137.0,0.0
7138.0,0.0
7139.0,0.0
7140.0,0.0
7141.0,0.0
7142.0,0.0
7143.0,0.0
7144.0,0.0
7145.0,0.0
7146.0,0.0
7147.0,0.0
7148.0,0.0
7149.0,0.0
7150.0,0.0
7151.0,0.0
7152.0,0.0
7153.0,0.0
7154.0,0.0
7155.0,0.0
7156.0,0.0
7157.0,0.0
7158.0,0.0
7159.0,0.0
7160.0,0.0
7161.0,0.0
7162.0,0.0
7163.0,0.0
7164.0,0.0
7165.0,0.0
7166.0,0.0
7167.0,0.0
7168.0,0.0
7169.0,0.0
7170.0,0.0
7171.0,0.0
7172.0,0.0
7173.0,0.0
7174.0,0.0
7175.0,0.0
7176.0,0.0
7177.0,0.0
7178.0,0.0
7179.0,0.0
7180.0,0.0
7181.0,0.0
7182.0,0.0
7183.0,0.0
7184.0,0.0
7185.0,0.0
7186.0,0.0
7187.0,0.0
7188.0,0.0
7189.0,0.0
7190.0,0.0
7191.0,0.0
7192.0,0.0
7193.0,0.0
7194.0,0.0
7195.0,0.0
7196.0,0.0
7197.0,0.0
7198.0,0.0
7199.0,0.0
7200.0,0.0
