5.0,5.1,5.2,5.3,5.4,5.5,5.6,5.7,5.8,5.9,6.0,6.1,6.2,6.3,6.4,6.5,6.6,6.7,6.8,6.9,7.0,7.1,7.2,7.3,7.4,7.5,7.6,7.7,7.8,7.9,8.0,8.1,8.2,8.3,8.4,8.5,8.6,8.7,8.8,8.9,9.0,9.1,9.2,9.3,9.4,9.5,9.6,9.7,9.8,9.9,10.0
1.5076,1.5093,1.5106,1.5117,1.5124,1.5128,1.5129,1.5127,1.5123,1.5117,1.5108,1.5097,1.5084,1.5069,1.5052,1.5033,1.5013,1.4991,1.4967,1.4942,1.4915,1.4888,1.4859,1.4828,1.4797,1.4764,1.4731,1.4697,1.4661,1.4625,1.4588,1.4551,1.4512,1.4473,1.4433,1.4393,1.4352,1.4311,1.4269,1.4227,1.4184,1.4141,1.4097,1.4053,1.4009,1.3964,1.3919,1.3874,1.3829,1.3783,1.3738
1.5046,1.506,1.507,1.5077,1.5081,1.5082,1.508,1.5076,1.5069,1.506,1.5048,1.5034,1.5019,1.5001,1.4982,1.496,1.4937,1.4913,1.4887,1.486,1.4831,1.4801,1.477,1.4738,1.4704,1.467,1.4634,1.4598,1.4562,1.4524,1.4485,1.4446,1.4406,1.4365,1.4324,1.4282,1.424,1.4197,1.4154,1.411,1.4066,1.4021,1.3976,1.3931,1.3886,1.384,1.3794,1.3748,1.3701,1.3655,1.3608
1.5041,1.5051,1.5058,1.5062,1.5063,1.5061,1.5056,1.5049,1.5039,1.5027,1.5012,1.4996,1.4978,1.4957,1.4935,1.4911,1.4886,1.4859,1.4831,1.4801,1.477,1.4738,1.4704,1.467,1.4634,1.4598,1.4561,1.4522,1.4485,1.4445,1.4405,1.4363,1.4322,1.4279,1.4236,1.4193,1.4149,1.4105,1.406,1.4015,1.3969,1.3923,1.3877,1.383,1.3784,1.3737,1.3689,1.3642,1.3594,1.3547,1.3499
1.5036,1.5043,1.5047,1.5047,1.5045,1.504,1.5032,1.5022,1.5009,1.4994,1.4977,1.4958,1.4936,1.4913,1.4889,1.4862,1.4835,1.4805,1.4775,1.4743,1.4709,1.4675,1.4639,1.4603,1.4565,1.4527,1.4487,1.4447,1.4408,1.4367,1.4325,1.4282,1.4238,1.4194,1.415,1.4105,1.4059,1.4013,1.3967,1.392,1.3873,1.3826,1.3779,1.3731,1.3683,1.3635,1.3586,1.3537,1.3489,1.344,1.3391
1.5031,1.5034,1.5035,1.5032,1.5027,1.5019,1.5008,1.4995,1.4979,1.4961,1.4941,1.4919,1.4896,1.487,1.4843,1.4814,1.4784,1.4752,1.4719,1.4684,1.4649,1.4612,1.4575,1.4536,1.4496,1.4456,1.4415,1.4373,1.4333,1.4289,1.4245,1.4201,1.4155,1.411,1.4064,1.4017,1.397,1.3923,1.3875,1.3827,1.3779,1.373,1.3681,1.3632,1.3583,1.3533,1.3484,1.3434,1.3384,1.3334,1.3284
1.5026,1.5026,1.5023,1.5018,1.5009,1.4998,1.4984,1.4968,1.4949,1.4929,1.4906,1.4881,1.4855,1.4827,1.4797,1.4766,1.4733,1.4699,1.4663,1.4627,1.4589,1.455,1.451,1.447,1.4428,1.4386,1.4342,1.4298,1.4257,1.4212,1.4166,1.412,1.4073,1.4026,1.3978,1.393,1.3882,1.3833,1.3784,1.3734,1.3685,1.3635,1.3585,1.3534,1.3484,1.3433,1.3383,1.3332,1.3281,1.323,1.3179
1.5021,1.5018,1.5012,1.5003,1.4991,1.4977,1.496,1.4941,1.492,1.4896,1.4871,1.4843,1.4814,1.4784,1.4751,1.4717,1.4682,1.4646,1.4608,1.4569,1.4529,1.4488,1.4446,1.4404,1.436,1.4316,1.4271,1.4225,1.4182,1.4136,1.4088,1.404,1.3992,1.3943,1.3894,1.3844,1.3794,1.3744,1.3693,1.3643,1.3592,1.3541,1.3489,1.3438,1.3386,1.3334,1.3282,1.323,1.3178,1.3126,1.3074
1.5016,1.501,1.5001,1.4988,1.4974,1.4956,1.4936,1.4914,1.489,1.4864,1.4836,1.4806,1.4774,1.4741,1.4706,1.467,1.4632,1.4593,1.4553,1.4512,1.447,1.4427,1.4383,1.4338,1.4293,1.4246,1.4199,1.4152,1.4108,1.406,1.4011,1.3961,1.3911,1.3861,1.381,1.3759,1.3707,1.3656,1.3604,1.3552,1.35,1.3447,1.3395,1.3342,1.3289,1.3236,1.3183,1.313,1.3077,1.3024,1.2971
1.5011,1.5002,1.4989,1.4974,1.4956,1.4936,1.4913,1.4888,1.4861,1.4832,1.4801,1.4768,1.4734,1.4698,1.466,1.4622,1.4582,1.4541,1.4499,1.4455,1.4411,1.4366,1.432,1.4273,1.4226,1.4177,1.4129,1.4079,1.4035,1.3984,1.3934,1.3882,1.3831,1.3779,1.3727,1.3674,1.3621,1.3568,1.3515,1.3462,1.3408,1.3355,1.3301,1.3247,1.3193,1.3139,1.3085,1.3031,1.2977,1.2923,1.2869
1.5006,1.4993,1.4978,1.4959,1.4938,1.4915,1.4889,1.4861,1.4831,1.4799,1.4766,1.473,1.4694,1.4655,1.4615,1.4574,1.4532,1.4489,1.4444,1.4399,1.4352,1.4305,1.4257,1.4208,1.4159,1.4109,1.4058,1.4007,1.3961,1.3909,1.3857,1.3804,1.3751,1.3698,1.3644,1.359,1.3536,1.3482,1.3427,1.3373,1.3318,1.3263,1.3208,1.3153,1.3098,1.3043,1.2988,1.2933,1.2878,1.2823,1.2768
1.5001,1.4985,1.4966,1.4945,1.4921,1.4894,1.4866,1.4835,1.4802,1.4767,1.4731,1.4693,1.4654,1.4613,1.4571,1.4527,1.4483,1.4437,1.439,1.4343,1.4294,1.4245,1.4195,1.4144,1.4093,1.4041,1.3988,1.3935,1.3889,1.3835,1.3781,1.3727,1.3672,1.3617,1.3562,1.3507,1.3452,1.3396,1.334,1.3284,1.3228,1.3172,1.3116,1.306,1.3004,1.2948,1.2892,1.2836,1.278,1.2724,1.2668
1.4997,1.4977,1.4955,1.493,1.4903,1.4874,1.4842,1.4808,1.4773,1.4736,1.4697,1.4656,1.4614,1.4571,1.4526,1.448,1.4433,1.4385,1.4336,1.4287,1.4236,1.4185,1.4133,1.408,1.4027,1.3973,1.3919,1.3864,1.3817,1.3761,1.3706,1.365,1.3594,1.3538,1.3481,1.3425,1.3368,1.3311,1.3254,1.3197,1.314,1.3082,1.3025,1.2968,1.2911,1.2854,1.2797,1.274,1.2683,1.2626,1.2569
1.4992,1.4969,1.4944,1.4916,1.4886,1.4853,1.4819,1.4782,1.4744,1.4704,1.4662,1.4619,1.4574,1.4529,1.4481,1.4433,1.4384,1.4334,1.4283,1.4231,1.4179,1.4125,1.4071,1.4017,1.3962,1.3906,1.385,1.3794,1.3745,1.3688,1.3631,1.3574,1.3516,1.3459,1.3401,1.3343,1.3285,1.3226,1.3168,1.311,1.3052,1.2993,1.2935,1.2877,1.2819,1.2761,1.2703,1.2645,1.2587,1.2529,1.2472
1.4987,1.4961,1.4933,1.4902,1.4868,1.4833,1.4795,1.4756,1.4715,1.4672,1.4628,1.4582,1.4535,1.4487,1.4437,1.4387,1.4335,1.4283,1.423,1.4176,1.4121,1.4066,1.401,1.3954,1.3897,1.384,1.3782,1.3724,1.3674,1.3616,1.3557,1.3498,1.3439,1.338,1.3321,1.3262,1.3202,1.3143,1.3083,1.3024,1.2964,1.2905,1.2846,1.2786,1.2727,1.2668,1.2609,1.255,1.2492,1.2433,1.2375
1.4983,1.4953,1.4922,1.4887,1.4851,1.4813,1.4772,1.473,1.4686,1.4641,1.4594,1.4545,1.4496,1.4445,1.4393,1.434,1.4287,1.4232,1.4177,1.4121,1.4064,1.4007,1.3949,1.3891,1.3832,1.3773,1.3714,1.3654,1.3603,1.3543,1.3483,1.3423,1.3363,1.3302,1.3242,1.3181,1.3121,1.306,1.2999,1.2939,1.2878,1.2818,1.2757,1.2697,1.2637,1.2577,1.2517,1.2457,1.2398,1.2338,1.2279
1.4978,1.4946,1.4911,1.4873,1.4834,1.4792,1.4749,1.4704,1.4657,1.4609,1.4559,1.4509,1.4457,1.4403,1.4349,1.4294,1.4238,1.4182,1.4124,1.4066,1.4008,1.3948,1.3889,1.3829,1.3768,1.3708,1.3646,1.3585,1.3533,1.3472,1.341,1.3349,1.3287,1.3225,1.3163,1.3101,1.304,1.2978,1.2916,1.2854,1.2793,1.2731,1.267,1.2608,1.2547,1.2486,1.2426,1.2365,1.2305,1.2244,1.2184
1.4973,1.4938,1.4899,1.4859,1.4817,1.4772,1.4726,1.4678,1.4629,1.4578,1.4526,1.4472,1.4418,1.4362,1.4306,1.4248,1.419,1.4131,1.4072,1.4012,1.3951,1.389,1.3829,1.3767,1.3705,1.3642,1.3579,1.3517,1.3464,1.3401,1.3338,1.3275,1.3212,1.3149,1.3085,1.3022,1.2959,1.2896,1.2833,1.277,1.2708,1.2645,1.2583,1.2521,1.2459,1.2397,1.2335,1.2274,1.2213,1.2152,1.2091
1.4969,1.493,1.4888,1.4845,1.4799,1.4752,1.4703,1.4652,1.46,1.4546,1.4492,1.4436,1.4379,1.4321,1.4262,1.4203,1.4142,1.4081,1.402,1.3958,1.3895,1.3832,1.3769,1.3705,1.3641,1.3577,1.3513,1.3448,1.3395,1.333,1.3266,1.3201,1.3137,1.3073,1.3008,1.2944,1.288,1.2815,1.2751,1.2688,1.2624,1.256,1.2497,1.2434,1.2371,1.2308,1.2246,1.2183,1.2121,1.206,1.1998
1.4964,1.4922,1.4878,1.4831,1.4782,1.4732,1.468,1.4626,1.4571,1.4515,1.4458,1.44,1.434,1.428,1.4219,1.4157,1.4095,1.4032,1.3968,1.3904,1.3839,1.3775,1.371,1.3644,1.3579,1.3513,1.3447,1.3381,1.3326,1.326,1.3194,1.3129,1.3063,1.2997,1.2932,1.2866,1.2801,1.2735,1.267,1.2605,1.2541,1.2476,1.2412,1.2348,1.2284,1.222,1.2157,1.2094,1.2031,1.1969,1.1906
1.496,1.4914,1.4867,1.4817,1.4765,1.4712,1.4657,1.4601,1.4543,1.4484,1.4424,1.4364,1.4302,1.4239,1.4176,1.4112,1.4047,1.3982,1.3916,1.385,1.3784,1.3717,1.365,1.3583,1.3516,1.3449,1.3381,1.3314,1.3258,1.3191,1.3123,1.3056,1.2989,1.2922,1.2856,1.2789,1.2722,1.2656,1.259,1.2524,1.2458,1.2393,1.2327,1.2262,1.2198,1.2133,1.2069,1.2005,1.1942,1.1879,1.1816
1.4956,1.4907,1.4856,1.4803,1.4748,1.4692,1.4634,1.4575,1.4515,1.4453,1.4391,1.4328,1.4263,1.4198,1.4133,1.4067,1.4,1.3933,1.3865,1.3797,1.3729,1.366,1.3592,1.3523,1.3454,1.3385,1.3316,1.3247,1.319,1.3122,1.3053,1.2985,1.2916,1.2848,1.278,1.2712,1.2645,1.2577,1.251,1.2443,1.2376,1.231,1.2244,1.2178,1.2112,1.2047,1.1982,1.1918,1.1853,1.1789,1.1726
1.4951,1.4899,1.4845,1.4789,1.4731,1.4672,1.4611,1.455,1.4487,1.4423,1.4358,1.4292,1.4225,1.4158,1.409,1.4022,1.3953,1.3884,1.3814,1.3744,1.3674,1.3604,1.3533,1.3463,1.3392,1.3322,1.3251,1.3181,1.3123,1.3053,1.2983,1.2914,1.2844,1.2775,1.2705,1.2636,1.2568,1.2499,1.2431,1.2363,1.2295,1.2228,1.2161,1.2094,1.2028,1.1962,1.1896,1.1831,1.1766,1.1701,1.1637
1.4947,1.4891,1.4834,1.4775,1.4714,1.4652,1.4589,1.4524,1.4458,1.4392,1.4324,1.4256,1.4187,1.4118,1.4048,1.3977,1.3906,1.3835,1.3763,1.3692,1.362,1.3548,1.3475,1.3403,1.3331,1.3259,1.3187,1.3115,1.3056,1.2985,1.2914,1.2843,1.2772,1.2702,1.2631,1.2561,1.2491,1.2422,1.2353,1.2284,1.2215,1.2147,1.2079,1.2011,1.1944,1.1877,1.1811,1.1745,1.1679,1.1614,1.1549
1.4943,1.4884,1.4823,1.4761,1.4697,1.4632,1.4566,1.4499,1.443,1.4361,1.4291,1.4221,1.4149,1.4077,1.4005,1.3933,1.386,1.3786,1.3713,1.3639,1.3565,1.3492,1.3418,1.3344,1.327,1.3197,1.3123,1.3049,1.299,1.2917,1.2845,1.2773,1.2701,1.2629,1.2558,1.2486,1.2416,1.2345,1.2275,1.2205,1.2136,1.2066,1.1998,1.1929,1.1861,1.1794,1.1727,1.166,1.1594,1.1528,1.1462
1.4938,1.4876,1.4813,1.4747,1.4681,1.4613,1.4544,1.4473,1.4403,1.4331,1.4258,1.4185,1.4112,1.4038,1.3963,1.3888,1.3813,1.3738,1.3663,1.3587,1.3512,1.3436,1.3361,1.3285,1.321,1.3135,1.3059,1.2985,1.2924,1.285,1.2777,1.2703,1.263,1.2557,1.2485,1.2412,1.2341,1.2269,1.2198,1.2127,1.2057,1.1987,1.1917,1.1848,1.1779,1.1711,1.1643,1.1576,1.1509,1.1442,1.1376
1.4934,1.4869,1.4802,1.4734,1.4664,1.4593,1.4521,1.4448,1.4375,1.43,1.4225,1.415,1.4074,1.3998,1.3921,1.3844,1.3767,1.369,1.3613,1.3535,1.3458,1.3381,1.3304,1.3227,1.315,1.3073,1.2996,1.292,1.2859,1.2784,1.2709,1.2634,1.256,1.2486,1.2412,1.2339,1.2266,1.2194,1.2121,1.205,1.1979,1.1908,1.1837,1.1767,1.1698,1.1629,1.156,1.1492,1.1425,1.1357,1.1291
1.493,1.4861,1.4791,1.472,1.4647,1.4573,1.4499,1.4423,1.4347,1.427,1.4193,1.4115,1.4037,1.3958,1.3879,1.38,1.3721,1.3642,1.3563,1.3484,1.3405,1.3326,1.3247,1.3168,1.309,1.3012,1.2934,1.2856,1.2794,1.2718,1.2641,1.2566,1.249,1.2415,1.234,1.2266,1.2192,1.2119,1.2046,1.1973,1.1901,1.1829,1.1758,1.1688,1.1617,1.1548,1.1478,1.141,1.1341,1.1274,1.1206
1.4926,1.4854,1.4781,1.4706,1.463,1.4554,1.4476,1.4398,1.4319,1.424,1.416,1.408,1.3999,1.3919,1.3838,1.3757,1.3676,1.3594,1.3513,1.3433,1.3352,1.3271,1.3191,1.311,1.3031,1.2951,1.2872,1.2793,1.273,1.2652,1.2575,1.2498,1.2421,1.2345,1.2269,1.2194,1.2119,1.2045,1.1971,1.1897,1.1824,1.1752,1.168,1.1609,1.1538,1.1467,1.1397,1.1328,1.1259,1.1191,1.1123
1.4922,1.4847,1.477,1.4692,1.4614,1.4534,1.4454,1.4373,1.4292,1.421,1.4128,1.4045,1.3962,1.3879,1.3796,1.3713,1.363,1.3547,1.3464,1.3382,1.3299,1.3217,1.3135,1.3053,1.2972,1.289,1.281,1.2729,1.2666,1.2587,1.2508,1.243,1.2352,1.2275,1.2198,1.2122,1.2046,1.1971,1.1896,1.1822,1.1748,1.1675,1.1602,1.153,1.1459,1.1388,1.1317,1.1247,1.1178,1.1109,1.104
1.4918,1.4839,1.476,1.4679,1.4597,1.4515,1.4432,1.4348,1.4264,1.418,1.4095,1.401,1.3925,1.384,1.3755,1.367,1.3585,1.35,1.3415,1.3331,1.3247,1.3163,1.3079,1.2996,1.2913,1.283,1.2748,1.2667,1.2602,1.2522,1.2442,1.2363,1.2284,1.2206,1.2128,1.2051,1.1974,1.1898,1.1822,1.1747,1.1673,1.1599,1.1525,1.1453,1.138,1.1309,1.1237,1.1167,1.1097,1.1027,1.0958
1.4914,1.4832,1.4749,1.4665,1.4581,1.4496,1.441,1.4323,1.4237,1.415,1.4063,1.3976,1.3888,1.3801,1.3714,1.3627,1.354,1.3453,1.3367,1.328,1.3194,1.3109,1.3024,1.2939,1.2855,1.2771,1.2687,1.2604,1.2539,1.2458,1.2377,1.2297,1.2217,1.2137,1.2059,1.198,1.1903,1.1826,1.1749,1.1673,1.1598,1.1523,1.1449,1.1376,1.1303,1.123,1.1159,1.1087,1.1017,1.0947,1.0877
1.491,1.4825,1.4739,1.4652,1.4564,1.4476,1.4388,1.4299,1.421,1.412,1.4031,1.3941,1.3852,1.3762,1.3673,1.3584,1.3495,1.3406,1.3318,1.323,1.3143,1.3055,1.2969,1.2883,1.2797,1.2711,1.2627,1.2542,1.2477,1.2394,1.2312,1.2231,1.215,1.2069,1.199,1.1911,1.1832,1.1754,1.1677,1.16,1.1524,1.1449,1.1374,1.13,1.1226,1.1153,1.1081,1.1009,1.0938,1.0867,1.0797
1.4906,1.4818,1.4728,1.4638,1.4548,1.4457,1.4366,1.4274,1.4182,1.409,1.3999,1.3907,1.3815,1.3724,1.3632,1.3541,1.345,1.336,1.327,1.318,1.3091,1.3002,1.2914,1.2826,1.2739,1.2653,1.2567,1.2481,1.2414,1.2331,1.2248,1.2165,1.2083,1.2002,1.1921,1.1841,1.1762,1.1683,1.1605,1.1527,1.1451,1.1374,1.1299,1.1224,1.115,1.1076,1.1003,1.0931,1.0859,1.0788,1.0718
1.4902,1.481,1.4718,1.4625,1.4532,1.4438,1.4344,1.4249,1.4155,1.4061,1.3967,1.3873,1.3779,1.3685,1.3592,1.3499,1.3406,1.3314,1.3222,1.3131,1.304,1.295,1.286,1.2771,1.2682,1.2594,1.2507,1.242,1.2353,1.2268,1.2184,1.21,1.2017,1.1935,1.1853,1.1772,1.1692,1.1612,1.1534,1.1455,1.1378,1.1301,1.1225,1.1149,1.1074,1.1,1.0927,1.0854,1.0782,1.071,1.0639
1.4898,1.4803,1.4708,1.4612,1.4515,1.4419,1.4322,1.4225,1.4128,1.4031,1.3935,1.3839,1.3742,1.3647,1.3551,1.3456,1.3362,1.3268,1.3174,1.3081,1.2989,1.2897,1.2806,1.2715,1.2625,1.2536,1.2447,1.2359,1.2291,1.2205,1.212,1.2035,1.1951,1.1868,1.1786,1.1704,1.1623,1.1543,1.1463,1.1384,1.1306,1.1228,1.1151,1.1075,1.1,1.0925,1.0851,1.0778,1.0705,1.0633,1.0562
1.4894,1.4796,1.4697,1.4598,1.4499,1.44,1.43,1.4201,1.4101,1.4002,1.3903,1.3805,1.3706,1.3608,1.3511,1.3414,1.3318,1.3222,1.3127,1.3032,1.2938,1.2845,1.2752,1.266,1.2569,1.2478,1.2388,1.2299,1.223,1.2143,1.2057,1.1971,1.1886,1.1802,1.1719,1.1636,1.1554,1.1473,1.1393,1.1313,1.1234,1.1156,1.1078,1.1002,1.0926,1.085,1.0776,1.0702,1.0629,1.0557,1.0485
1.4891,1.4789,1.4687,1.4585,1.4483,1.438,1.4278,1.4176,1.4074,1.3973,1.3872,1.3771,1.367,1.357,1.3471,1.3372,1.3274,1.3176,1.3079,1.2983,1.2888,1.2793,1.2699,1.2605,1.2513,1.2421,1.233,1.2239,1.217,1.2082,1.1994,1.1908,1.1822,1.1737,1.1652,1.1569,1.1486,1.1404,1.1323,1.1243,1.1163,1.1084,1.1006,1.0929,1.0852,1.0777,1.0702,1.0627,1.0554,1.0481,1.0409
1.4887,1.4782,1.4677,1.4572,1.4467,1.4362,1.4257,1.4152,1.4048,1.3944,1.384,1.3737,1.3634,1.3533,1.3431,1.333,1.323,1.3131,1.3032,1.2935,1.2837,1.2741,1.2646,1.2551,1.2457,1.2364,1.2271,1.218,1.211,1.202,1.1932,1.1844,1.1758,1.1672,1.1587,1.1502,1.1419,1.1336,1.1254,1.1173,1.1093,1.1013,1.0935,1.0857,1.078,1.0703,1.0628,1.0553,1.0479,1.0406,1.0333
1.4883,1.4775,1.4667,1.4559,1.445,1.4343,1.4235,1.4128,1.4021,1.3915,1.3809,1.3703,1.3599,1.3495,1.3391,1.3289,1.3187,1.3086,1.2986,1.2886,1.2788,1.269,1.2593,1.2497,1.2401,1.2307,1.2214,1.2121,1.205,1.196,1.187,1.1782,1.1694,1.1607,1.1521,1.1436,1.1352,1.1268,1.1186,1.1104,1.1023,1.0943,1.0864,1.0785,1.0708,1.0631,1.0555,1.048,1.0405,1.0331,1.0258
1.4879,1.4768,1.4657,1.4545,1.4434,1.4324,1.4213,1.4104,1.3994,1.3886,1.3777,1.367,1.3563,1.3457,1.3352,1.3247,1.3144,1.3041,1.2939,1.2838,1.2738,1.2639,1.254,1.2443,1.2346,1.2251,1.2156,1.2062,1.1991,1.1899,1.1809,1.1719,1.1631,1.1543,1.1456,1.137,1.1285,1.1201,1.1118,1.1036,1.0954,1.0873,1.0794,1.0715,1.0636,1.0559,1.0483,1.0407,1.0332,1.0258,1.0185
1.4876,1.4761,1.4647,1.4532,1.4418,1.4305,1.4192,1.408,1.3968,1.3857,1.3746,1.3637,1.3528,1.342,1.3313,1.3206,1.3101,1.2996,1.2893,1.279,1.2689,1.2588,1.2488,1.2389,1.2292,1.2195,1.2099,1.2004,1.1932,1.1839,1.1748,1.1658,1.1568,1.148,1.1392,1.1305,1.122,1.1135,1.1051,1.0968,1.0886,1.0804,1.0724,1.0644,1.0566,1.0488,1.0411,1.0335,1.026,1.0185,1.0111
1.4872,1.4754,1.4637,1.4519,1.4402,1.4286,1.4171,1.4056,1.3941,1.3828,1.3715,1.3603,1.3492,1.3382,1.3273,1.3165,1.3058,1.2952,1.2847,1.2743,1.2639,1.2537,1.2436,1.2336,1.2237,1.2139,1.2042,1.1946,1.1873,1.178,1.1688,1.1596,1.1506,1.1417,1.1328,1.1241,1.1154,1.1069,1.0984,1.09,1.0818,1.0736,1.0655,1.0575,1.0496,1.0417,1.034,1.0263,1.0188,1.0113,1.0039
1.4869,1.4747,1.4627,1.4506,1.4387,1.4267,1.4149,1.4032,1.3915,1.3799,1.3684,1.357,1.3457,1.3345,1.3234,1.3124,1.3016,1.2908,1.2801,1.2695,1.2591,1.2487,1.2385,1.2283,1.2183,1.2084,1.1986,1.1889,1.1815,1.1721,1.1628,1.1535,1.1444,1.1354,1.1265,1.1177,1.1089,1.1003,1.0918,1.0834,1.075,1.0668,1.0587,1.0506,1.0426,1.0348,1.027,1.0193,1.0117,1.0041,0.99671
1.4865,1.4741,1.4617,1.4493,1.4371,1.4249,1.4128,1.4008,1.3889,1.3771,1.3653,1.3537,1.3422,1.3308,1.3195,1.3084,1.2973,1.2864,1.2755,1.2648,1.2542,1.2437,1.2333,1.2231,1.2129,1.2029,1.193,1.1832,1.1757,1.1662,1.1568,1.1475,1.1383,1.1292,1.1202,1.1113,1.1025,1.0938,1.0852,1.0768,1.0684,1.0601,1.0519,1.0438,1.0358,1.0278,1.02,1.0123,1.0046,0.99707,0.9896
1.4862,1.4734,1.4607,1.448,1.4355,1.423,1.4107,1.3984,1.3863,1.3742,1.3623,1.3504,1.3387,1.3272,1.3157,1.3043,1.2931,1.282,1.271,1.2601,1.2494,1.2387,1.2282,1.2179,1.2076,1.1974,1.1874,1.1775,1.17,1.1604,1.1509,1.1415,1.1322,1.123,1.114,1.105,1.0961,1.0874,1.0787,1.0702,1.0617,1.0534,1.0452,1.037,1.0289,1.021,1.0131,1.0053,0.99766,0.99007,0.98256
1.4858,1.4727,1.4597,1.4467,1.4339,1.4212,1.4085,1.396,1.3836,1.3714,1.3592,1.3472,1.3353,1.3235,1.3118,1.3003,1.2889,1.2776,1.2665,1.2555,1.2446,1.2338,1.2232,1.2127,1.2023,1.192,1.1819,1.1719,1.1643,1.1546,1.145,1.1355,1.1262,1.1169,1.1078,1.0987,1.0898,1.081,1.0723,1.0637,1.0552,1.0468,1.0385,1.0303,1.0222,1.0142,1.0063,0.99847,0.99076,0.98313,0.97559
1.4855,1.472,1.4587,1.4455,1.4323,1.4193,1.4064,1.3937,1.381,1.3685,1.3562,1.3439,1.3318,1.3198,1.308,1.2963,1.2847,1.2733,1.262,1.2508,1.2398,1.2289,1.2181,1.2075,1.197,1.1866,1.1764,1.1663,1.1587,1.1489,1.1392,1.1296,1.1202,1.1108,1.1016,1.0925,1.0835,1.0747,1.0659,1.0572,1.0487,1.0402,1.0319,1.0236,1.0155,1.0075,0.99952,0.99167,0.98392,0.97626,0.96869
1.4851,1.4714,1.4577,1.4442,1.4308,1.4175,1.4043,1.3913,1.3784,1.3657,1.3531,1.3407,1.3284,1.3162,1.3042,1.2923,1.2806,1.269,1.2575,1.2462,1.235,1.224,1.2131,1.2024,1.1917,1.1813,1.1709,1.1607,1.153,1.1431,1.1334,1.1237,1.1142,1.1048,1.0955,1.0864,1.0773,1.0684,1.0595,1.0508,1.0422,1.0337,1.0253,1.0171,1.0089,1.0008,0.99281,0.98493,0.97714,0.96945,0.96186
1.4848,1.4707,1.4567,1.4429,1.4292,1.4156,1.4022,1.389,1.3759,1.3629,1.3501,1.3374,1.3249,1.3126,1.3004,1.2883,1.2764,1.2647,1.2531,1.2416,1.2303,1.2191,1.2081,1.1973,1.1865,1.1759,1.1655,1.1552,1.1475,1.1375,1.1276,1.1179,1.1083,1.0988,1.0895,1.0802,1.0711,1.0621,1.0532,1.0445,1.0358,1.0273,1.0188,1.0105,1.0023,0.99418,0.98616,0.97825,0.97043,0.96271,0.95509
1.4845,1.47,1.4558,1.4416,1.4276,1.4138,1.4001,1.3866,1.3733,1.3601,1.3471,1.3342,1.3215,1.309,1.2966,1.2844,1.2723,1.2604,1.2486,1.237,1.2256,1.2143,1.2032,1.1922,1.1814,1.1707,1.1601,1.1497,1.1419,1.1318,1.1219,1.1121,1.1024,1.0929,1.0835,1.0742,1.065,1.0559,1.047,1.0382,1.0295,1.0209,1.0124,1.004,0.99578,0.98763,0.97958,0.97163,0.96378,0.95604,0.94839
1.4842,1.4694,1.4548,1.4404,1.4261,1.412,1.3981,1.3843,1.3707,1.3573,1.3441,1.331,1.3181,1.3054,1.2928,1.2804,1.2682,1.2561,1.2442,1.2325,1.2209,1.2095,1.1983,1.1871,1.1762,1.1654,1.1547,1.1442,1.1364,1.1263,1.1162,1.1064,1.0966,1.087,1.0775,1.0681,1.0589,1.0498,1.0408,1.0319,1.0232,1.0146,1.006,0.99763,0.98933,0.98114,0.97305,0.96507,0.9572,0.94942,0.94175
1.4838,1.4687,1.4538,1.4391,1.4245,1.4102,1.396,1.382,1.3682,1.3545,1.3411,1.3278,1.3147,1.3018,1.289,1.2765,1.2641,1.2519,1.2398,1.228,1.2163,1.2047,1.1934,1.1821,1.1711,1.1602,1.1494,1.1388,1.1309,1.1207,1.1106,1.1006,1.0908,1.0811,1.0716,1.0622,1.0529,1.0437,1.0347,1.0258,1.017,1.0083,0.99971,0.99126,0.98293,0.9747,0.96659,0.95858,0.95067,0.94287,0.93518
1.4835,1.4681,1.4529,1.4378,1.423,1.4084,1.3939,1.3797,1.3656,1.3517,1.3381,1.3246,1.3113,1.2982,1.2853,1.2726,1.26,1.2477,1.2355,1.2235,1.2116,1.2,1.1885,1.1772,1.166,1.155,1.1441,1.1334,1.1255,1.1152,1.105,1.095,1.0851,1.0753,1.0657,1.0562,1.0469,1.0377,1.0286,1.0196,1.0108,1.002,0.99345,0.98496,0.97659,0.96833,0.96018,0.95214,0.94421,0.93639,0.92867
1.4832,1.4674,1.4519,1.4366,1.4215,1.4065,1.3918,1.3773,1.3631,1.349,1.3351,1.3214,1.3079,1.2947,1.2816,1.2687,1.256,1.2435,1.2311,1.219,1.207,1.1953,1.1836,1.1722,1.1609,1.1498,1.1389,1.1281,1.1201,1.1097,1.0994,1.0893,1.0794,1.0696,1.0599,1.0504,1.041,1.0317,1.0225,1.0135,1.0046,0.99587,0.98723,0.97871,0.9703,0.96201,0.95383,0.94577,0.93781,0.92996,0.92222
1.4829,1.4668,1.451,1.4353,1.4199,1.4047,1.3898,1.375,1.3605,1.3462,1.3321,1.3182,1.3046,1.2911,1.2779,1.2648,1.252,1.2393,1.2268,1.2145,1.2025,1.1905,1.1788,1.1673,1.1559,1.1447,1.1337,1.1228,1.1147,1.1043,1.0939,1.0838,1.0737,1.0638,1.0541,1.0445,1.0351,1.0257,1.0165,1.0075,0.99855,0.98975,0.98107,0.97251,0.96407,0.95575,0.94754,0.93945,0.93147,0.92359,0.91583
1.4826,1.4662,1.45,1.4341,1.4184,1.4029,1.3877,1.3727,1.358,1.3435,1.3292,1.3151,1.3012,1.2876,1.2742,1.261,1.2479,1.2351,1.2225,1.2101,1.1979,1.1859,1.174,1.1624,1.1509,1.1396,1.1285,1.1175,1.1094,1.0988,1.0884,1.0782,1.0681,1.0582,1.0484,1.0387,1.0292,1.0198,1.0106,1.0015,0.99252,0.98368,0.97496,0.96637,0.9579,0.94954,0.94131,0.93319,0.92518,0.91729,0.9095
1.4823,1.4655,1.4491,1.4328,1.4169,1.4011,1.3857,1.3704,1.3555,1.3407,1.3262,1.3119,1.2979,1.2841,1.2705,1.2571,1.2439,1.231,1.2183,1.2057,1.1934,1.1812,1.1693,1.1575,1.1459,1.1345,1.1233,1.1123,1.1041,1.0935,1.083,1.0727,1.0625,1.0525,1.0427,1.033,1.0234,1.014,1.0047,0.99555,0.98654,0.97766,0.9689,0.96028,0.95178,0.94339,0.93513,0.92699,0.91896,0.91104,0.90323
1.482,1.4649,1.4481,1.4316,1.4153,1.3994,1.3836,1.3682,1.353,1.338,1.3233,1.3088,1.2946,1.2806,1.2668,1.2533,1.24,1.2269,1.214,1.2013,1.1889,1.1766,1.1645,1.1527,1.141,1.1295,1.1182,1.1071,1.0989,1.0881,1.0776,1.0672,1.057,1.0469,1.037,1.0273,1.0176,1.0082,0.99885,0.98966,0.98061,0.97169,0.9629,0.95424,0.94571,0.9373,0.92901,0.92084,0.91279,0.90485,0.89703
1.4817,1.4643,1.4472,1.4304,1.4138,1.3976,1.3816,1.3659,1.3504,1.3353,1.3204,1.3057,1.2913,1.2771,1.2632,1.2495,1.236,1.2228,1.2098,1.197,1.1844,1.172,1.1598,1.1479,1.1361,1.1245,1.1131,1.1019,1.0936,1.0828,1.0722,1.0618,1.0515,1.0414,1.0314,1.0216,1.0119,1.0024,0.99304,0.98381,0.97472,0.96577,0.95695,0.94826,0.93969,0.93126,0.92294,0.91475,0.90668,0.89872,0.89088
1.4814,1.4637,1.4462,1.4291,1.4123,1.3958,1.3796,1.3636,1.348,1.3326,1.3174,1.3026,1.288,1.2736,1.2595,1.2457,1.2321,1.2187,1.2055,1.1926,1.1799,1.1674,1.1551,1.1431,1.1312,1.1195,1.108,1.0967,1.0884,1.0776,1.0669,1.0564,1.046,1.0359,1.0258,1.016,1.0063,0.9967,0.98728,0.97801,0.96889,0.9599,0.95104,0.94232,0.93373,0.92527,0.91693,0.90872,0.90062,0.89265,0.88478
1.4811,1.463,1.4453,1.4279,1.4108,1.394,1.3775,1.3614,1.3455,1.3299,1.3145,1.2995,1.2847,1.2702,1.2559,1.2419,1.2282,1.2146,1.2014,1.1883,1.1755,1.1629,1.1505,1.1383,1.1263,1.1146,1.103,1.0916,1.0833,1.0724,1.0616,1.051,1.0406,1.0304,1.0203,1.0104,1.0006,0.99103,0.98157,0.97226,0.9631,0.95408,0.94519,0.93644,0.92782,0.91933,0.91097,0.90274,0.89462,0.88663,0.87875
1.4808,1.4624,1.4444,1.4267,1.4093,1.3922,1.3755,1.3591,1.343,1.3272,1.3116,1.2964,1.2814,1.2667,1.2523,1.2382,1.2242,1.2106,1.1972,1.184,1.1711,1.1583,1.1459,1.1336,1.1215,1.1097,1.098,1.0866,1.0782,1.0672,1.0563,1.0457,1.0352,1.0249,1.0148,1.0049,0.99505,0.9854,0.9759,0.96656,0.95736,0.9483,0.93939,0.93061,0.92196,0.91345,0.90507,0.89681,0.88868,0.88066,0.87277
1.4805,1.4618,1.4434,1.4254,1.4078,1.3905,1.3735,1.3568,1.3405,1.3245,1.3087,1.2933,1.2782,1.2633,1.2487,1.2344,1.2204,1.2066,1.193,1.1797,1.1667,1.1538,1.1412,1.1289,1.1167,1.1048,1.093,1.0815,1.0731,1.062,1.0511,1.0404,1.0299,1.0195,1.0094,0.99936,0.98951,0.97982,0.97028,0.9609,0.95166,0.94258,0.93363,0.92482,0.91615,0.90762,0.89921,0.89094,0.88279,0.87476,0.86685
1.4802,1.4612,1.4425,1.4242,1.4063,1.3887,1.3715,1.3546,1.338,1.3218,1.3059,1.2902,1.2749,1.2599,1.2452,1.2307,1.2165,1.2026,1.1889,1.1755,1.1623,1.1494,1.1367,1.1242,1.112,1.0999,1.0881,1.0765,1.068,1.0569,1.0459,1.0352,1.0246,1.0142,1.004,0.9939,0.98401,0.97428,0.9647,0.95528,0.94602,0.9369,0.92792,0.91909,0.9104,0.90184,0.89341,0.88512,0.87695,0.8689,0.86098
1.48,1.4606,1.4416,1.423,1.4048,1.387,1.3695,1.3524,1.3356,1.3191,1.303,1.2872,1.2717,1.2565,1.2416,1.227,1.2126,1.1986,1.1848,1.1712,1.158,1.1449,1.1321,1.1195,1.1072,1.0951,1.0832,1.0715,1.063,1.0518,1.0408,1.03,1.0193,1.0089,0.99859,0.98849,0.97855,0.96878,0.95917,0.94972,0.94042,0.93127,0.92226,0.91341,0.90469,0.89611,0.88766,0.87935,0.87116,0.8631,0.85517
1.4797,1.46,1.4407,1.4218,1.4033,1.3852,1.3675,1.3501,1.3331,1.3165,1.3001,1.2841,1.2685,1.2531,1.238,1.2233,1.2088,1.1946,1.1807,1.167,1.1536,1.1405,1.1276,1.1149,1.1025,1.0903,1.0783,1.0666,1.058,1.0467,1.0357,1.0248,1.0141,1.0036,0.99326,0.98311,0.97314,0.96333,0.95368,0.94419,0.93486,0.92568,0.91665,0.90777,0.89903,0.89043,0.88196,0.87363,0.86543,0.85736,0.84941
1.4794,1.4594,1.4398,1.4206,1.4018,1.3835,1.3655,1.3479,1.3307,1.3138,1.2973,1.2811,1.2653,1.2497,1.2345,1.2196,1.205,1.1907,1.1766,1.1628,1.1493,1.1361,1.1231,1.1103,1.0978,1.0855,1.0735,1.0617,1.053,1.0417,1.0306,1.0196,1.0089,0.99835,0.98797,0.97778,0.96776,0.95791,0.94823,0.93871,0.92935,0.92014,0.91109,0.90218,0.89342,0.8848,0.87631,0.86796,0.85975,0.85166,0.8437
1.4791,1.4588,1.4389,1.4194,1.4004,1.3817,1.3635,1.3457,1.3282,1.3112,1.2945,1.2781,1.2621,1.2464,1.231,1.2159,1.2012,1.1867,1.1726,1.1587,1.145,1.1317,1.1186,1.1058,1.0932,1.0808,1.0687,1.0568,1.0481,1.0367,1.0255,1.0145,1.0037,0.99314,0.98272,0.97249,0.96243,0.95254,0.94283,0.93327,0.92388,0.91465,0.90557,0.89664,0.88785,0.87921,0.87071,0.86235,0.85412,0.84602,0.83805
1.4789,1.4582,1.438,1.4182,1.3989,1.38,1.3615,1.3435,1.3258,1.3085,1.2916,1.2751,1.2589,1.243,1.2275,1.2123,1.1974,1.1828,1.1685,1.1545,1.1408,1.1273,1.1141,1.1012,1.0885,1.0761,1.0639,1.0519,1.0432,1.0318,1.0205,1.0095,0.99862,0.98797,0.97751,0.96723,0.95713,0.94721,0.93746,0.92788,0.91846,0.9092,0.90009,0.89114,0.88234,0.87368,0.86516,0.85678,0.84854,0.84043,0.83245
1.4786,1.4576,1.4371,1.417,1.3974,1.3783,1.3596,1.3413,1.3234,1.3059,1.2888,1.2721,1.2557,1.2397,1.224,1.2087,1.1936,1.1789,1.1645,1.1504,1.1366,1.123,1.1097,1.0967,1.0839,1.0714,1.0591,1.0471,1.0384,1.0268,1.0155,1.0044,0.99354,0.98284,0.97233,0.96202,0.95188,0.94192,0.93214,0.92253,0.91308,0.9038,0.89467,0.88569,0.87687,0.86819,0.85966,0.85127,0.84301,0.83489,0.8269
1.4784,1.457,1.4362,1.4158,1.396,1.3766,1.3576,1.3391,1.321,1.3033,1.286,1.2691,1.2525,1.2364,1.2205,1.205,1.1899,1.175,1.1605,1.1463,1.1323,1.1187,1.1053,1.0922,1.0794,1.0668,1.0544,1.0423,1.0335,1.0219,1.0106,0.99943,0.98849,0.97774,0.9672,0.95684,0.94667,0.93668,0.92686,0.91722,0.90775,0.89843,0.88928,0.88029,0.87145,0.86275,0.85421,0.8458,0.83753,0.8294,0.8214
1.4781,1.4564,1.4353,1.4146,1.3945,1.3748,1.3556,1.3369,1.3186,1.3007,1.2832,1.2661,1.2494,1.2331,1.2171,1.2014,1.1862,1.1712,1.1565,1.1422,1.1282,1.1144,1.1009,1.0877,1.0748,1.0621,1.0497,1.0375,1.0287,1.0171,1.0057,0.99446,0.98347,0.97268,0.9621,0.9517,0.94149,0.93147,0.92162,0.91195,0.90245,0.89312,0.88395,0.87493,0.86607,0.85736,0.8488,0.84038,0.8321,0.82396,0.81595
1.4779,1.4559,1.4344,1.4135,1.393,1.3731,1.3537,1.3347,1.3162,1.2981,1.2804,1.2631,1.2463,1.2298,1.2136,1.1979,1.1824,1.1673,1.1526,1.1381,1.124,1.1101,1.0966,1.0833,1.0703,1.0575,1.045,1.0328,1.0239,1.0123,1.0008,0.98953,0.97849,0.96766,0.95703,0.9466,0.93636,0.9263,0.91642,0.90673,0.8972,0.88784,0.87865,0.86962,0.86074,0.85201,0.84344,0.83501,0.82672,0.81856,0.81055
1.4776,1.4553,1.4335,1.4123,1.3916,1.3714,1.3517,1.3325,1.3138,1.2955,1.2776,1.2602,1.2431,1.2265,1.2102,1.1943,1.1787,1.1635,1.1486,1.1341,1.1198,1.1059,1.0922,1.0789,1.0658,1.053,1.0404,1.0281,1.0192,1.0075,0.99593,0.98463,0.97355,0.96267,0.952,0.94153,0.93126,0.92117,0.91127,0.90154,0.89199,0.88261,0.8734,0.86435,0.85545,0.84671,0.83812,0.82968,0.82138,0.81322,0.8052
1.4774,1.4547,1.4326,1.4111,1.3901,1.3697,1.3498,1.3304,1.3114,1.2929,1.2748,1.2572,1.24,1.2232,1.2068,1.1907,1.175,1.1597,1.1447,1.1301,1.1157,1.1017,1.0879,1.0745,1.0613,1.0484,1.0358,1.0234,1.0145,1.0027,0.99111,0.97977,0.96864,0.95772,0.94701,0.93651,0.9262,0.91608,0.90615,0.8964,0.88682,0.87742,0.86819,0.85912,0.85021,0.84146,0.83286,0.8244,0.81609,0.80792,0.79989
1.4771,1.4541,1.4317,1.4099,1.3887,1.368,1.3478,1.3282,1.309,1.2903,1.2721,1.2543,1.2369,1.2199,1.2034,1.1872,1.1714,1.1559,1.1408,1.126,1.1116,1.0975,1.0836,1.0701,1.0569,1.0439,1.0312,1.0188,1.0098,0.99795,0.98633,0.97493,0.96376,0.9528,0.94206,0.93152,0.92118,0.91103,0.90107,0.89129,0.8817,0.87228,0.86303,0.85394,0.84502,0.83625,0.82763,0.81917,0.81085,0.80268,0.79464
1.4769,1.4536,1.4309,1.4088,1.3873,1.3663,1.3459,1.326,1.3066,1.2878,1.2693,1.2514,1.2338,1.2167,1.2,1.1837,1.1677,1.1522,1.1369,1.1221,1.1075,1.0933,1.0794,1.0658,1.0524,1.0394,1.0266,1.0142,1.0052,0.99325,0.98157,0.97013,0.95892,0.94792,0.93714,0.92656,0.91619,0.90601,0.89603,0.88623,0.87661,0.86717,0.8579,0.8488,0.83986,0.83108,0.82246,0.81398,0.80566,0.79747,0.78943
1.4767,1.453,1.43,1.4076,1.3858,1.3646,1.344,1.3239,1.3043,1.2852,1.2666,1.2484,1.2307,1.2135,1.1966,1.1802,1.1641,1.1484,1.1331,1.1181,1.1034,1.0891,1.0751,1.0614,1.0481,1.0349,1.0221,1.0096,1.0005,0.98857,0.97685,0.96536,0.95411,0.94307,0.93225,0.92164,0.91124,0.90104,0.89103,0.88121,0.87157,0.86211,0.85282,0.8437,0.83475,0.82596,0.81732,0.80884,0.80051,0.79232,0.78427
1.4764,1.4524,1.4291,1.4064,1.3844,1.3629,1.3421,1.3217,1.3019,1.2826,1.2638,1.2455,1.2277,1.2102,1.1933,1.1767,1.1605,1.1447,1.1292,1.1141,1.0994,1.085,1.0709,1.0572,1.0437,1.0305,1.0176,1.005,0.99595,0.98393,0.97216,0.96063,0.94933,0.93826,0.9274,0.91676,0.90633,0.8961,0.88606,0.87622,0.86656,0.85708,0.84778,0.83865,0.82968,0.82088,0.81223,0.80374,0.7954,0.78721,0.77916
1.4784,1.4541,1.4304,1.4074,1.385,1.3632,1.3421,1.3215,1.3014,1.2819,1.2629,1.2444,1.2263,1.2087,1.1915,1.1748,1.1585,1.1425,1.1269,1.1117,1.0968,1.0823,1.0681,1.0543,1.0407,1.0274,1.0145,1.0018,0.98935,0.97719,0.96528,0.95362,0.9422,0.93102,0.92006,0.90932,0.89879,0.88847,0.87836,0.86844,0.85871,0.84916,0.83979,0.8306,0.82158,0.81273,0.80404,0.79551,0.78713,0.77889,0.77081
1.4583,1.4341,1.4107,1.3928,1.3703,1.3484,1.3272,1.3065,1.2865,1.2669,1.2513,1.2325,1.2142,1.1964,1.1791,1.1648,1.1482,1.1319,1.1161,1.1029,1.0877,1.0728,1.0603,1.046,1.0321,1.0203,1.0069,0.99579,0.97807,0.96602,0.95421,0.94265,0.93134,0.92025,0.90939,0.89874,0.88831,0.87809,0.86806,0.85823,0.84859,0.83913,0.82986,0.82075,0.81182,0.80305,0.79444,0.78599,0.77769,0.76954,0.76154
1.4441,1.4201,1.3968,1.3838,1.361,1.3389,1.3175,1.2966,1.2764,1.2567,1.2443,1.2251,1.2065,1.1884,1.1709,1.159,1.1419,1.1253,1.1092,1.0978,1.0822,1.0669,1.056,1.0413,1.0269,1.0164,1.0025,0.99299,0.96698,0.95503,0.94332,0.93187,0.92065,0.90966,0.89889,0.88834,0.878,0.86787,0.85794,0.8482,0.83864,0.82928,0.82009,0.81107,0.80222,0.79353,0.78501,0.77664,0.76842,0.76035,0.75242
1.4302,1.4064,1.3832,1.3749,1.3518,1.3295,1.3078,1.2868,1.2665,1.2467,1.2373,1.2178,1.1989,1.1805,1.1628,1.1532,1.1357,1.1188,1.1023,1.0928,1.0767,1.0611,1.0518,1.0366,1.0218,1.0126,0.99824,0.9902,0.95607,0.94422,0.93261,0.92125,0.91013,0.89924,0.88856,0.87811,0.86786,0.85782,0.84798,0.83833,0.82886,0.81958,0.81048,0.80154,0.79278,0.78418,0.77573,0.76744,0.7593,0.75131,0.74346
1.4165,1.3928,1.3697,1.366,1.3427,1.3202,1.2983,1.2772,1.2566,1.2367,1.2305,1.2106,1.1914,1.1727,1.1547,1.1474,1.1296,1.1123,1.0955,1.0878,1.0713,1.0553,1.0476,1.0319,1.0167,1.0088,0.99396,0.98743,0.94533,0.93358,0.92207,0.91081,0.89978,0.88899,0.87841,0.86805,0.85789,0.84794,0.83819,0.82862,0.81925,0.81005,0.80103,0.79218,0.7835,0.77497,0.76661,0.7584,0.75034,0.74242,0.73465
1.403,1.3793,1.3564,1.3573,1.3337,1.3109,1.2889,1.2676,1.2469,1.2269,1.2237,1.2034,1.1839,1.165,1.1468,1.1417,1.1235,1.1058,1.0888,1.0829,1.0659,1.0496,1.0434,1.0272,1.0116,1.0051,0.98972,0.98468,0.93477,0.92311,0.9117,0.90054,0.88961,0.8789,0.86842,0.85814,0.84808,0.83822,0.82855,0.81908,0.80978,0.80067,0.79174,0.78297,0.77437,0.76593,0.75764,0.74951,0.74153,0.73369,0.72599
1.3897,1.3661,1.3433,1.3486,1.3248,1.3018,1.2796,1.2581,1.2373,1.2172,1.2169,1.1963,1.1765,1.1574,1.1389,1.1361,1.1175,1.0995,1.0821,1.078,1.0606,1.0439,1.0392,1.0226,1.0066,1.0013,0.9855,0.98194,0.92437,0.91281,0.9015,0.89043,0.87959,0.86898,0.85858,0.8484,0.83843,0.82866,0.81908,0.80969,0.80048,0.79145,0.7826,0.77391,0.76539,0.75703,0.74882,0.74077,0.73286,0.72509,0.71747
1.3765,1.3531,1.3303,1.3401,1.316,1.2928,1.2704,1.2488,1.2278,1.2076,1.2102,1.1893,1.1692,1.1498,1.1311,1.1305,1.1115,1.0932,1.0755,1.0732,1.0554,1.0383,1.0351,1.018,1.0016,0.99761,0.98132,0.97922,0.91414,0.90267,0.89146,0.88048,0.86973,0.85921,0.84891,0.83882,0.82893,0.81925,0.80975,0.80045,0.79132,0.78238,0.77361,0.765,0.75656,0.74828,0.74015,0.73217,0.72434,0.71665,0.70909
1.3635,1.3402,1.3176,1.3316,1.3073,1.2838,1.2612,1.2395,1.2184,1.1981,1.2036,1.1823,1.1619,1.1423,1.1234,1.1249,1.1055,1.0869,1.0689,1.0683,1.0501,1.0327,1.031,1.0135,0.99666,0.99391,0.97717,0.97652,0.90406,0.89269,0.88157,0.87069,0.86003,0.8496,0.83939,0.82939,0.81959,0.80999,0.80058,0.79136,0.78232,0.77345,0.76476,0.75624,0.74787,0.73967,0.73161,0.72371,0.71595,0.70834,0.70086
1.3507,1.3275,1.305,1.3232,1.2986,1.275,1.2522,1.2303,1.2092,1.1887,1.197,1.1754,1.1547,1.1349,1.1158,1.1194,1.0996,1.0807,1.0624,1.0635,1.0449,1.0272,1.0269,1.0089,0.99175,0.99025,0.97304,0.97383,0.89415,0.88287,0.87184,0.86105,0.85049,0.84015,0.83002,0.82011,0.8104,0.80088,0.79156,0.78242,0.77346,0.76467,0.75606,0.74761,0.73933,0.7312,0.72322,0.71539,0.70771,0.70016,0.69276
1.3381,1.315,1.2926,1.3148,1.2901,1.2662,1.2433,1.2213,1.2,1.1795,1.1905,1.1686,1.1476,1.1275,1.1082,1.1139,1.0938,1.0745,1.056,1.0588,1.0398,1.0217,1.0229,1.0045,0.98688,0.9866,0.96895,0.97115,0.88438,0.8732,0.86227,0.85157,0.84109,0.83084,0.82081,0.81098,0.80135,0.79192,0.78267,0.77362,0.76474,0.75604,0.7475,0.73913,0.73092,0.72287,0.71496,0.70721,0.6996,0.69212,0.68479
1.3256,1.3027,1.2804,1.3066,1.2816,1.2575,1.2345,1.2123,1.1909,1.1703,1.184,1.1618,1.1406,1.1202,1.1007,1.1085,1.088,1.0684,1.0496,1.0541,1.0347,1.0162,1.0188,1,0.98205,0.98298,0.96488,0.9685,0.87477,0.86369,0.85284,0.84223,0.83185,0.82168,0.81173,0.80199,0.79244,0.78309,0.77394,0.76496,0.75616,0.74754,0.73908,0.73079,0.72265,0.71467,0.70684,0.69916,0.69162,0.68422,0.67695
1.3133,1.2905,1.2683,1.2984,1.2732,1.249,1.2257,1.2035,1.1819,1.1612,1.1776,1.1551,1.1336,1.113,1.0933,1.1031,1.0823,1.0624,1.0433,1.0494,1.0296,1.0108,1.0148,0.99558,0.97725,0.97938,0.96084,0.96585,0.86531,0.85431,0.84356,0.83304,0.82274,0.81266,0.8028,0.79314,0.78368,0.77441,0.76533,0.75644,0.74772,0.73917,0.73079,0.72257,0.71451,0.70661,0.69885,0.69124,0.68377,0.67644,0.66924
1.3012,1.2785,1.2564,1.2903,1.2649,1.2405,1.2171,1.1947,1.1731,1.1523,1.1712,1.1484,1.1267,1.1059,1.086,1.0978,1.0766,1.0564,1.0371,1.0447,1.0246,1.0055,1.0109,0.9912,0.9725,0.97581,0.95683,0.96323,0.85599,0.84509,0.83442,0.82399,0.81378,0.80379,0.79401,0.78443,0.77505,0.76587,0.75687,0.74805,0.73941,0.73094,0.72263,0.71449,0.7065,0.69867,0.69099,0.68344,0.67604,0.66878,0.66165
1.2893,1.2666,1.2447,1.2823,1.2567,1.2321,1.2085,1.186,1.1643,1.1434,1.1649,1.1418,1.1198,1.0988,1.0787,1.0925,1.0709,1.0505,1.0309,1.0401,1.0196,1.0002,1.0069,0.98684,0.96777,0.97226,0.95284,0.96061,0.84682,0.836,0.82542,0.81508,0.80495,0.79505,0.78535,0.77586,0.76656,0.75745,0.74854,0.7398,0.73123,0.72284,0.71461,0.70654,0.69862,0.69086,0.68325,0.67578,0.66844,0.66125,0.65418
1.2774,1.2549,1.2331,1.2744,1.2485,1.2238,1.2001,1.1774,1.1556,1.1347,1.1587,1.1353,1.113,1.0918,1.0715,1.0872,1.0654,1.0446,1.0247,1.0355,1.0146,0.99488,1.003,0.98251,0.96309,0.96873,0.94889,0.95801,0.83778,0.82706,0.81657,0.8063,0.79627,0.78644,0.77683,0.76742,0.7582,0.74917,0.74033,0.73167,0.72318,0.71486,0.70671,0.69871,0.69087,0.68318,0.67563,0.66823,0.66097,0.65384,0.64684
1.2658,1.2434,1.2216,1.2665,1.2405,1.2155,1.1917,1.1689,1.147,1.126,1.1525,1.1288,1.1063,1.0848,1.0644,1.082,1.0598,1.0387,1.0186,1.031,1.0097,0.98965,0.99913,0.97822,0.95844,0.96522,0.94496,0.95543,0.82888,0.81824,0.80784,0.79766,0.78771,0.77797,0.76844,0.75911,0.74997,0.74102,0.73226,0.72367,0.71526,0.70701,0.69893,0.691,0.68323,0.67561,0.66814,0.6608,0.6536,0.64654,0.63961
1.2543,1.232,1.2104,1.2587,1.2325,1.2074,1.1834,1.1605,1.1385,1.1174,1.1464,1.1224,1.0996,1.078,1.0574,1.0768,1.0543,1.0329,1.0126,1.0265,1.0048,0.98447,0.99526,0.97396,0.95383,0.96174,0.94106,0.95286,0.82012,0.80957,0.79925,0.78916,0.77929,0.76963,0.76018,0.75092,0.74186,0.73299,0.72431,0.7158,0.70746,0.69928,0.69127,0.68342,0.67572,0.66817,0.66076,0.65349,0.64636,0.63936,0.6325
1.2429,1.2207,1.1992,1.251,1.2246,1.1993,1.1752,1.1522,1.1301,1.109,1.1403,1.116,1.093,1.0712,1.0504,1.0717,1.0488,1.0272,1.0066,1.022,0.99997,0.97932,0.99143,0.96972,0.94925,0.95828,0.93718,0.95031,0.81149,0.80102,0.79079,0.78078,0.77099,0.76141,0.75204,0.74287,0.73388,0.72509,0.71648,0.70804,0.69978,0.69167,0.68374,0.67595,0.66832,0.66084,0.6535,0.6463,0.63923,0.6323,0.62549
1.2317,1.2096,1.1882,1.2434,1.2168,1.1913,1.1671,1.144,1.1218,1.1006,1.1342,1.1097,1.0865,1.0644,1.0435,1.0665,1.0434,1.0215,1.0007,1.0175,0.99517,0.97422,0.98762,0.96552,0.94471,0.95484,0.93333,0.94777,0.80298,0.7926,0.78245,0.77252,0.76282,0.75332,0.74403,0.73493,0.72603,0.71731,0.70877,0.70041,0.69221,0.68418,0.67631,0.6686,0.66104,0.65362,0.64635,0.63921,0.63221,0.62534,0.6186
1.2207,1.1987,1.1774,1.2358,1.209,1.1834,1.1591,1.1359,1.1136,1.0923,1.1282,1.1034,1.08,1.0577,1.0367,1.0615,1.038,1.0159,0.99481,1.0131,0.9904,0.96916,0.98383,0.96135,0.9402,0.95142,0.92951,0.94525,0.7946,0.78431,0.77424,0.76439,0.75477,0.74535,0.73613,0.72712,0.71829,0.70964,0.70118,0.69289,0.68477,0.67681,0.66901,0.66136,0.65387,0.64652,0.63931,0.63224,0.6253,0.6185,0.61182
1.2097,1.1879,1.1667,1.2283,1.2013,1.1756,1.1511,1.1278,1.1055,1.0841,1.1223,1.0972,1.0735,1.0511,1.0299,1.0565,1.0327,1.0103,0.98899,1.0087,0.98567,0.96414,0.98007,0.9572,0.93572,0.94803,0.92571,0.94274,0.78635,0.77613,0.76615,0.75639,0.74684,0.7375,0.72836,0.71942,0.71067,0.7021,0.6937,0.68549,0.67743,0.66955,0.66181,0.65424,0.64681,0.63952,0.63238,0.62537,0.6185,0.61176,0.60514
1.199,1.1772,1.1561,1.2209,1.1937,1.1678,1.1432,1.1199,1.0974,1.076,1.1164,1.0911,1.0672,1.0446,1.0232,1.0515,1.0274,1.0047,0.98322,1.0044,0.98098,0.95916,0.97634,0.95309,0.93128,0.94465,0.92194,0.94024,0.77822,0.76808,0.75818,0.7485,0.73903,0.72977,0.7207,0.71184,0.70316,0.69466,0.68634,0.67819,0.67021,0.66239,0.65473,0.64722,0.63986,0.63264,0.62556,0.61861,0.6118,0.60512,0.59856
1.1883,1.1667,1.1457,1.2135,1.1862,1.1601,1.1354,1.112,1.0895,1.068,1.1106,1.085,1.0609,1.0381,1.0165,1.0465,1.0222,0.99923,0.9775,1,0.97632,0.95422,0.97263,0.949,0.92687,0.9413,0.91819,0.93776,0.77021,0.76015,0.75033,0.74072,0.73133,0.72215,0.71316,0.70437,0.69576,0.68734,0.67909,0.67101,0.6631,0.65535,0.64775,0.64031,0.63301,0.62586,0.61884,0.61196,0.60521,0.59859,0.59209
1.1778,1.1563,1.1354,1.2062,1.1787,1.1525,1.1277,1.1042,1.0816,1.0601,1.1048,1.0789,1.0546,1.0316,1.01,1.0416,1.017,0.99378,0.97183,0.99575,0.97169,0.94932,0.96894,0.94494,0.92249,0.93797,0.91447,0.93529,0.76231,0.75234,0.74259,0.73307,0.72375,0.71464,0.70573,0.69701,0.68848,0.68013,0.67195,0.66394,0.65609,0.64841,0.64088,0.6335,0.62627,0.61918,0.61222,0.6054,0.59871,0.59215,0.58571
1.1675,1.146,1.1253,1.199,1.1714,1.145,1.1201,1.0964,1.0738,1.0522,1.099,1.073,1.0484,1.0253,1.0034,1.0367,1.0118,0.98837,0.96621,0.99148,0.9671,0.94446,0.96528,0.94091,0.91815,0.93466,0.91078,0.93284,0.75453,0.74464,0.73497,0.72552,0.71628,0.70725,0.69841,0.68976,0.6813,0.67302,0.66491,0.65697,0.64919,0.64158,0.63411,0.6268,0.61963,0.6126,0.60571,0.59895,0.59232,0.58582,0.57943
1.1572,1.1359,1.1152,1.1918,1.164,1.1376,1.1125,1.0888,1.0661,1.0445,1.0933,1.067,1.0423,1.0189,0.99699,1.0319,1.0067,0.98301,0.96063,0.98725,0.96255,0.93964,0.96164,0.93691,0.91384,0.93137,0.90711,0.93039,0.74686,0.73705,0.72746,0.71809,0.70892,0.69996,0.6912,0.68262,0.67423,0.66602,0.65798,0.65011,0.6424,0.63484,0.62745,0.62019,0.61309,0.60612,0.59929,0.59259,0.58602,0.57958,0.57325
1.1471,1.1259,1.1053,1.1847,1.1568,1.1302,1.105,1.0812,1.0585,1.0368,1.0877,1.0611,1.0362,1.0127,0.9906,1.0271,1.0016,0.97769,0.95511,0.98305,0.95802,0.93485,0.95802,0.93294,0.90956,0.9281,0.90346,0.92797,0.7393,0.72957,0.72006,0.71076,0.70167,0.69278,0.68409,0.67559,0.66727,0.65912,0.65115,0.64334,0.6357,0.62821,0.62088,0.61369,0.60665,0.59974,0.59297,0.58633,0.57982,0.57343,0.56716
1.1371,1.116,1.0956,1.1777,1.1496,1.1229,1.0976,1.0738,1.0509,1.0292,1.0821,1.0553,1.0301,1.0065,0.98427,1.0223,0.99656,0.97241,0.94964,0.97887,0.95354,0.9301,0.95443,0.92899,0.90531,0.92485,0.89984,0.92555,0.73185,0.7222,0.71276,0.70354,0.69452,0.68571,0.67709,0.66865,0.6604,0.65233,0.64442,0.63668,0.6291,0.62168,0.61441,0.60728,0.6003,0.59345,0.58674,0.58016,0.57371,0.56738,0.56117
1.1273,1.1062,1.0859,1.1707,1.1425,1.1156,1.0903,1.0663,1.0434,1.0217,1.0765,1.0495,1.0241,1.0003,0.978,1.0176,0.99156,0.96718,0.94421,0.97472,0.94908,0.92539,0.95086,0.92507,0.90109,0.92161,0.89624,0.92315,0.72451,0.71493,0.70557,0.69642,0.68748,0.67873,0.67018,0.66182,0.65364,0.64563,0.63779,0.63012,0.6226,0.61524,0.60803,0.60097,0.59405,0.58726,0.58061,0.57409,0.56769,0.56141,0.55526
1.1175,1.0966,1.0764,1.1638,1.1354,1.1084,1.083,1.059,1.036,1.0143,1.071,1.0437,1.0182,0.99425,0.97179,1.0129,0.98659,0.96199,0.93883,0.97061,0.94466,0.92072,0.94731,0.92118,0.8969,0.9184,0.89266,0.92077,0.71727,0.70777,0.69848,0.6894,0.68053,0.67186,0.66338,0.65509,0.64697,0.63903,0.63126,0.62365,0.6162,0.6089,0.60175,0.59475,0.58789,0.58116,0.57457,0.5681,0.56176,0.55554,0.54944
1.1079,1.0871,1.067,1.157,1.1284,1.1013,1.0758,1.0517,1.0287,1.0069,1.0655,1.038,1.0123,0.98822,0.96563,1.0083,0.98167,0.95685,0.93349,0.96652,0.94027,0.91608,0.94379,0.91732,0.89275,0.91521,0.88911,0.91839,0.71014,0.70071,0.69149,0.68249,0.67369,0.66509,0.65668,0.64845,0.6404,0.63253,0.62482,0.61727,0.60989,0.60265,0.59556,0.58862,0.58182,0.57515,0.56861,0.5622,0.55592,0.54975,0.54371
1.0984,1.0777,1.0577,1.1502,1.1215,1.0943,1.0687,1.0446,1.0215,0.99963,1.0601,1.0324,1.0065,0.98224,0.95954,1.0036,0.97678,0.95174,0.9282,0.96246,0.93591,0.91148,0.94029,0.91348,0.88862,0.91204,0.88558,0.91603,0.7031,0.69375,0.6846,0.67567,0.66694,0.65841,0.65007,0.64191,0.63393,0.62612,0.61847,0.61099,0.60367,0.59649,0.58947,0.58258,0.57584,0.56923,0.56275,0.55639,0.55016,0.54405,0.53806
1.089,1.0684,1.0485,1.1435,1.1147,1.0873,1.0617,1.0374,1.0143,0.99244,1.0547,1.0268,1.0007,0.97632,0.9535,0.99903,0.97193,0.94668,0.92296,0.95843,0.93159,0.90691,0.93681,0.90966,0.88453,0.90889,0.88208,0.91368,0.69617,0.68688,0.67781,0.66895,0.66029,0.65183,0.64356,0.63546,0.62755,0.6198,0.61222,0.6048,0.59754,0.59042,0.58346,0.57663,0.56994,0.56339,0.55697,0.55067,0.54449,0.53844,0.5325
1.0798,1.0593,1.0395,1.1368,1.1079,1.0804,1.0547,1.0304,1.0072,0.98531,1.0494,1.0212,0.99499,0.97045,0.94751,0.99448,0.96712,0.94166,0.91776,0.95442,0.92729,0.90238,0.93336,0.90588,0.88046,0.90576,0.87859,0.91135,0.68933,0.68012,0.67112,0.66233,0.65374,0.64534,0.63713,0.62911,0.62126,0.61357,0.60606,0.5987,0.5915,0.58444,0.57753,0.57077,0.56414,0.55764,0.55127,0.54503,0.53891,0.5329,0.52701
1.0706,1.0502,1.0305,1.1302,1.1011,1.0736,1.0478,1.0234,1.0002,0.97826,1.044,1.0157,0.98931,0.96463,0.94159,0.98995,0.96235,0.93668,0.9126,0.95044,0.92303,0.89789,0.92992,0.90211,0.87642,0.90264,0.87513,0.90902,0.68259,0.67344,0.66452,0.6558,0.64728,0.63895,0.6308,0.62284,0.61505,0.60744,0.59998,0.59268,0.58554,0.57855,0.5717,0.56499,0.55841,0.55197,0.54566,0.53947,0.5334,0.52745,0.52161
1.0616,1.0413,1.0217,1.1237,1.0945,1.0668,1.0409,1.0165,0.99326,0.97129,1.0388,1.0103,0.98368,0.95886,0.93571,0.98546,0.95761,0.93174,0.90749,0.94649,0.9188,0.89343,0.92651,0.89838,0.87242,0.89955,0.8717,0.90671,0.67594,0.66687,0.65801,0.64936,0.6409,0.63264,0.62456,0.61666,0.60894,0.60138,0.59399,0.58675,0.57967,0.57273,0.56594,0.55929,0.55277,0.54638,0.54012,0.53399,0.52797,0.52207,0.51629
1.0526,1.0324,1.0129,1.1172,1.0879,1.0601,1.0341,1.0097,0.98639,0.96438,1.0336,1.0048,0.97809,0.95315,0.9299,0.981,0.95291,0.92684,0.90242,0.94257,0.9146,0.889,0.92312,0.89467,0.86844,0.89647,0.86828,0.90442,0.66938,0.66038,0.65159,0.64301,0.63462,0.62642,0.61841,0.61058,0.60291,0.59542,0.58809,0.58091,0.57388,0.56701,0.56027,0.55367,0.54721,0.54088,0.53467,0.52859,0.52262,0.51678,0.51104
1.0438,1.0237,1.0043,1.1107,1.0813,1.0535,1.0274,1.0029,0.97958,0.95755,1.0284,0.99948,0.97256,0.94749,0.92413,0.97657,0.94825,0.92197,0.89739,0.93867,0.91043,0.88461,0.91975,0.89098,0.86449,0.89341,0.86489,0.90213,0.66291,0.65398,0.64526,0.63674,0.62842,0.62029,0.61234,0.60457,0.59697,0.58954,0.58226,0.57515,0.56818,0.56136,0.55468,0.54814,0.54173,0.53545,0.5293,0.52327,0.51735,0.51155,0.50587
1.0351,1.0151,0.9958,1.1044,1.0748,1.0469,1.0208,0.9962,0.97284,0.95079,1.0233,0.99415,0.96707,0.94187,0.91842,0.97218,0.94362,0.91715,0.89241,0.9348,0.90629,0.88025,0.9164,0.88732,0.86056,0.89037,0.86152,0.89986,0.65653,0.64767,0.63902,0.63057,0.62231,0.61424,0.60636,0.59865,0.59111,0.58374,0.57652,0.56946,0.56256,0.55579,0.54917,0.54268,0.53633,0.5301,0.524,0.51802,0.51216,0.50641,0.50077
1.0265,1.0066,0.98738,1.0981,1.0684,1.0404,1.0142,0.98957,0.96616,0.9441,1.0182,0.98886,0.96163,0.93631,0.91276,0.96782,0.93903,0.91237,0.88746,0.93096,0.90217,0.87592,0.91307,0.88368,0.85667,0.88735,0.85817,0.8976,0.65024,0.64145,0.63286,0.62448,0.61628,0.60828,0.60046,0.59281,0.58533,0.57802,0.57086,0.56386,0.55701,0.5503,0.54373,0.5373,0.531,0.52483,0.51878,0.51285,0.50704,0.50134,0.49575
1.018,0.99816,0.97907,1.0918,1.062,1.0339,1.0076,0.98299,0.95956,0.93747,1.0131,0.98362,0.95624,0.93079,0.90715,0.96348,0.93447,0.90762,0.88256,0.92714,0.89809,0.87162,0.90976,0.88007,0.8528,0.88435,0.85484,0.89535,0.64403,0.63531,0.62679,0.61847,0.61034,0.6024,0.59464,0.58705,0.57964,0.57238,0.56528,0.55834,0.55154,0.54489,0.53838,0.532,0.52575,0.51963,0.51363,0.50775,0.50199,0.49634,0.4908
1.0096,0.98985,0.97085,1.0856,1.0557,1.0275,1.0012,0.97648,0.95302,0.93092,1.0081,0.97841,0.95089,0.92533,0.90159,0.95918,0.92994,0.90291,0.8777,0.92335,0.89404,0.86736,0.90648,0.87648,0.84896,0.88136,0.85153,0.89311,0.63791,0.62925,0.6208,0.61254,0.60448,0.5966,0.5889,0.58138,0.57402,0.56682,0.55978,0.55289,0.54615,0.53955,0.53309,0.52677,0.52057,0.5145,0.50855,0.50272,0.49701,0.49141,0.48591
1.0012,0.98164,0.96274,1.0794,1.0494,1.0212,0.99477,0.97004,0.94654,0.92443,1.0031,0.97325,0.94558,0.91991,0.89608,0.95491,0.92545,0.89824,0.87288,0.91958,0.89002,0.86313,0.90321,0.87291,0.84515,0.8784,0.84824,0.89089,0.63187,0.62328,0.61489,0.6067,0.5987,0.59088,0.58324,0.57578,0.56848,0.56134,0.55435,0.54752,0.54084,0.53429,0.52788,0.52161,0.51546,0.50944,0.50355,0.49777,0.4921,0.48655,0.4811
0.99303,0.97352,0.95472,1.0733,1.0432,1.0149,0.98842,0.96365,0.94013,0.918,0.99816,0.96814,0.94032,0.91454,0.89063,0.95067,0.92099,0.8936,0.8681,0.91584,0.88602,0.85893,0.89996,0.86937,0.84136,0.87544,0.84498,0.88867,0.62591,0.61738,0.60906,0.60093,0.59299,0.58524,0.57766,0.57025,0.56301,0.55593,0.549,0.54222,0.53559,0.5291,0.52275,0.51652,0.51043,0.50446,0.49861,0.49288,0.48726,0.48175,0.47635
0.98491,0.9655,0.9468,1.0673,1.0371,1.0086,0.98214,0.95733,0.93379,0.91164,0.99326,0.96306,0.93511,0.90921,0.88522,0.94646,0.91657,0.88901,0.86335,0.91212,0.88205,0.85477,0.89674,0.86585,0.8376,0.87251,0.84173,0.88647,0.62003,0.61157,0.60331,0.59524,0.58737,0.57967,0.57215,0.5648,0.55762,0.55059,0.54372,0.537,0.53042,0.52398,0.51768,0.51151,0.50547,0.49955,0.49375,0.48806,0.48249,0.47703,0.47167
0.97689,0.95758,0.93897,1.0613,1.031,1.0025,0.97591,0.95107,0.9275,0.90535,0.9884,0.95803,0.92994,0.90393,0.87986,0.94228,0.91218,0.88444,0.85865,0.90843,0.87811,0.85063,0.89353,0.86236,0.83387,0.8696,0.83851,0.88428,0.61423,0.60583,0.59764,0.58963,0.58182,0.57418,0.56672,0.55943,0.5523,0.54533,0.53851,0.53185,0.52532,0.51894,0.51268,0.50656,0.50057,0.4947,0.48895,0.48331,0.47779,0.47237,0.46706
0.96896,0.94975,0.93123,1.0553,1.025,0.99636,0.96974,0.94487,0.92128,0.89912,0.98357,0.95303,0.92481,0.8987,0.87454,0.93813,0.90782,0.87992,0.85398,0.90476,0.8742,0.84652,0.89034,0.85888,0.83016,0.8667,0.8353,0.8821,0.60851,0.60017,0.59204,0.5841,0.57634,0.56876,0.56136,0.55413,0.54705,0.54014,0.53338,0.52676,0.52029,0.51396,0.50776,0.50169,0.49574,0.48992,0.48421,0.47862,0.47315,0.46778,0.46251
0.96112,0.94201,0.92359,1.0494,1.019,0.9903,0.96363,0.93873,0.91512,0.89295,0.97878,0.94807,0.91972,0.89351,0.86928,0.93401,0.90349,0.87542,0.84936,0.90111,0.87032,0.84245,0.88717,0.85543,0.82648,0.86381,0.83212,0.87994,0.60286,0.59459,0.58651,0.57863,0.57094,0.56342,0.55607,0.5489,0.54188,0.53502,0.52831,0.52175,0.51533,0.50905,0.5029,0.49687,0.49098,0.4852,0.47955,0.474,0.46857,0.46324,0.45802
0.95338,0.93436,0.91603,1.0436,1.013,0.98429,0.95758,0.93264,0.90901,0.88684,0.97402,0.94316,0.91468,0.88837,0.86406,0.92992,0.8992,0.87097,0.84477,0.89749,0.86646,0.8384,0.88403,0.85201,0.82282,0.86095,0.82895,0.87778,0.59729,0.58908,0.58106,0.57324,0.5656,0.55814,0.55086,0.54373,0.53677,0.52997,0.52331,0.5168,0.51043,0.5042,0.4981,0.49213,0.48628,0.48055,0.47494,0.46944,0.46406,0.45878,0.4536
0.94572,0.9268,0.90857,1.0378,1.0071,0.97834,0.95158,0.92662,0.90297,0.88079,0.9693,0.93828,0.90967,0.88327,0.85889,0.92585,0.89493,0.86654,0.84021,0.8939,0.86263,0.83439,0.8809,0.8486,0.81919,0.8581,0.82581,0.87564,0.59179,0.58364,0.57569,0.56792,0.56034,0.55294,0.54571,0.53864,0.53174,0.52498,0.51838,0.51192,0.5056,0.49942,0.49337,0.48745,0.48165,0.47597,0.4704,0.46495,0.4596,0.45437,0.44923
0.93815,0.91932,0.90119,1.032,1.0013,0.97244,0.94564,0.92065,0.89699,0.8748,0.96462,0.93344,0.90471,0.87821,0.85376,0.92181,0.8907,0.86216,0.8357,0.89032,0.85883,0.8304,0.87779,0.84522,0.81559,0.85527,0.82268,0.87351,0.58636,0.57827,0.57038,0.56267,0.55515,0.54781,0.54063,0.53362,0.52677,0.52007,0.51352,0.50711,0.50084,0.49471,0.4887,0.48283,0.47707,0.47144,0.46592,0.46051,0.45521,0.45002,0.44493
0.93067,0.91193,0.89389,1.0263,0.99553,0.9666,0.93975,0.91474,0.89106,0.86887,0.95997,0.92864,0.89979,0.8732,0.84868,0.91781,0.8865,0.8578,0.83122,0.88677,0.85505,0.82645,0.87469,0.84185,0.81201,0.85245,0.81958,0.87138,0.581,0.57297,0.56514,0.55749,0.55003,0.54274,0.53562,0.52866,0.52186,0.51521,0.50871,0.50236,0.49614,0.49006,0.4841,0.47827,0.47257,0.46698,0.4615,0.45614,0.45088,0.44573,0.44068
0.92327,0.90463,0.88668,1.0207,0.9898,0.9608,0.93392,0.90888,0.88519,0.863,0.95535,0.92387,0.89491,0.86823,0.84364,0.91383,0.88233,0.85348,0.82677,0.88324,0.8513,0.82252,0.87162,0.83851,0.80845,0.84965,0.81649,0.86927,0.57572,0.56775,0.55997,0.55238,0.54497,0.53774,0.53067,0.52377,0.51702,0.51043,0.50398,0.49767,0.4915,0.48547,0.47956,0.47378,0.46812,0.46257,0.45714,0.45182,0.44661,0.4415,0.43649
0.91596,0.89741,0.87955,1.0151,0.98411,0.95506,0.92814,0.90308,0.87938,0.85719,0.95077,0.91915,0.89007,0.8633,0.83865,0.90987,0.87819,0.84919,0.82237,0.87974,0.84757,0.81862,0.86857,0.83519,0.80492,0.84687,0.81342,0.86717,0.5705,0.56259,0.55487,0.54734,0.53998,0.5328,0.52579,0.51894,0.51225,0.5057,0.4993,0.49305,0.48693,0.48094,0.47508,0.46934,0.46373,0.45823,0.45284,0.44756,0.44239,0.43733,0.43236
0.90873,0.89027,0.87251,1.0095,0.97848,0.94937,0.92241,0.89733,0.87362,0.85143,0.94623,0.91446,0.88527,0.85841,0.8337,0.90595,0.87408,0.84494,0.81799,0.87626,0.84387,0.81475,0.86553,0.8319,0.80141,0.8441,0.81037,0.86508,0.56534,0.55749,0.54983,0.54236,0.53506,0.52793,0.52097,0.51418,0.50753,0.50104,0.49469,0.48848,0.48241,0.47647,0.47066,0.46497,0.45939,0.45394,0.4486,0.44336,0.43824,0.43321,0.42829
0.90158,0.88322,0.86554,1.004,0.97289,0.94373,0.91673,0.89163,0.86791,0.84573,0.94172,0.9098,0.8805,0.85356,0.82879,0.90205,0.87,0.84071,0.81365,0.8728,0.8402,0.81091,0.86251,0.82862,0.79792,0.84135,0.80734,0.86301,0.56026,0.55246,0.54486,0.53744,0.5302,0.52313,0.51622,0.50947,0.50288,0.49644,0.49014,0.48398,0.47795,0.47206,0.46629,0.46065,0.45512,0.44971,0.44441,0.43922,0.43413,0.42915,0.42426
0.89452,0.87624,0.85866,0.99853,0.96735,0.93814,0.91111,0.88599,0.86227,0.84009,0.93724,0.90519,0.87578,0.84876,0.82393,0.89818,0.86595,0.83652,0.80935,0.86936,0.83655,0.80709,0.85951,0.82536,0.79446,0.83861,0.80433,0.86094,0.55524,0.5475,0.53995,0.53259,0.5254,0.51838,0.51153,0.50483,0.49829,0.4919,0.48565,0.47953,0.47356,0.46771,0.46199,0.45639,0.4509,0.44554,0.44028,0.43513,0.43008,0.42514,0.42029
0.88753,0.86934,0.85185,0.99311,0.96186,0.9326,0.90554,0.8804,0.85667,0.8345,0.93279,0.90061,0.87109,0.84399,0.81911,0.89433,0.86193,0.83236,0.80508,0.86595,0.83292,0.8033,0.85653,0.82213,0.79103,0.83589,0.80134,0.85888,0.55028,0.5426,0.53511,0.5278,0.52066,0.5137,0.50689,0.50025,0.49376,0.48741,0.48121,0.47515,0.46922,0.46341,0.45774,0.45218,0.44674,0.44142,0.4362,0.43109,0.42609,0.42119,0.41638
0.88062,0.86253,0.84512,0.98773,0.95642,0.9271,0.90001,0.87486,0.85113,0.82896,0.92838,0.89606,0.86644,0.83927,0.81433,0.89051,0.85794,0.82823,0.80084,0.86256,0.82932,0.79954,0.85356,0.81891,0.78761,0.83319,0.79836,0.85684,0.54538,0.53776,0.53032,0.52307,0.51598,0.50907,0.50232,0.49573,0.48928,0.48299,0.47683,0.47082,0.46493,0.45918,0.45354,0.44803,0.44263,0.43735,0.43218,0.42711,0.42215,0.41728,0.41252
0.87378,0.85578,0.83847,0.9824,0.95102,0.92165,0.89454,0.86938,0.84564,0.82348,0.924,0.89155,0.86183,0.83458,0.80959,0.88672,0.85398,0.82413,0.79664,0.85918,0.82575,0.79581,0.85062,0.81572,0.78422,0.8305,0.79541,0.8548,0.54055,0.53298,0.5256,0.5184,0.51137,0.50451,0.49781,0.49126,0.48487,0.47862,0.47251,0.46654,0.4607,0.45499,0.4494,0.44393,0.43858,0.43334,0.42821,0.42318,0.41826,0.41343,0.4087
0.86703,0.84911,0.83189,0.97711,0.94566,0.91626,0.88911,0.86394,0.8402,0.81804,0.91965,0.88707,0.85725,0.82993,0.80489,0.88295,0.85004,0.82007,0.79247,0.85583,0.82219,0.7921,0.84769,0.81254,0.78085,0.82782,0.79247,0.85277,0.53578,0.52826,0.52094,0.51379,0.50681,0.5,0.49335,0.48685,0.48051,0.47431,0.46825,0.46232,0.45653,0.45086,0.44532,0.43989,0.43458,0.42938,0.42429,0.4193,0.41442,0.40963,0.40494
0.86034,0.84252,0.82538,0.97186,0.94035,0.9109,0.88374,0.85855,0.83481,0.81267,0.91533,0.88263,0.85272,0.82532,0.80023,0.87921,0.84613,0.81603,0.78833,0.85251,0.81867,0.78842,0.84477,0.80939,0.7775,0.82516,0.78955,0.85076,0.53107,0.52361,0.51633,0.50923,0.50231,0.49555,0.48895,0.4825,0.47621,0.47005,0.46404,0.45816,0.45241,0.44679,0.44128,0.4359,0.43063,0.42547,0.42042,0.41547,0.41063,0.40588,0.40123
0.85373,0.836,0.81895,0.96665,0.93509,0.9056,0.87841,0.85321,0.82947,0.80734,0.91105,0.87822,0.84821,0.82075,0.79561,0.87549,0.84225,0.81203,0.78423,0.8492,0.81516,0.78477,0.84188,0.80625,0.77418,0.82252,0.78664,0.84875,0.52641,0.51901,0.51179,0.50474,0.49787,0.49116,0.4846,0.47821,0.47196,0.46585,0.45988,0.45405,0.44834,0.44276,0.4373,0.43196,0.42673,0.42161,0.4166,0.41169,0.40689,0.40218,0.39756
0.8472,0.82955,0.81259,0.96149,0.92987,0.90034,0.87312,0.84792,0.82418,0.80206,0.9068,0.87384,0.84374,0.81622,0.79103,0.8718,0.8384,0.80805,0.78015,0.84591,0.81168,0.78114,0.839,0.80314,0.77088,0.81989,0.78375,0.84676,0.52182,0.51446,0.5073,0.5003,0.49348,0.48682,0.48032,0.47397,0.46776,0.4617,0.45578,0.44999,0.44433,0.43879,0.43337,0.42807,0.42288,0.41781,0.41283,0.40796,0.40319,0.39852,0.39394
0.84073,0.82317,0.80629,0.95637,0.92469,0.89512,0.86789,0.84268,0.81894,0.79683,0.90257,0.8695,0.83931,0.81172,0.78649,0.86813,0.83458,0.8041,0.77611,0.84264,0.80822,0.77753,0.83614,0.80004,0.7676,0.81727,0.78088,0.84477,0.51728,0.50998,0.50286,0.49592,0.48914,0.48253,0.47608,0.46978,0.46362,0.45761,0.45173,0.44598,0.44036,0.43487,0.42949,0.42423,0.41909,0.41405,0.40911,0.40428,0.39955,0.39491,0.39037
0.83434,0.81687,0.80007,0.95129,0.91956,0.88995,0.8627,0.83749,0.81375,0.79166,0.89838,0.86519,0.83492,0.80726,0.78199,0.86449,0.83078,0.80018,0.7721,0.8394,0.80479,0.77396,0.83329,0.79697,0.76434,0.81467,0.77803,0.8428,0.5128,0.50555,0.49848,0.49159,0.48487,0.4783,0.4719,0.46564,0.45953,0.45356,0.44773,0.44202,0.43645,0.431,0.42566,0.42044,0.41534,0.41034,0.40544,0.40065,0.39595,0.39135,0.38685
0.82801,0.81063,0.79392,0.94625,0.91446,0.88482,0.85755,0.83234,0.80861,0.78653,0.89422,0.86091,0.83055,0.80284,0.77752,0.86087,0.82701,0.79629,0.76812,0.83617,0.80138,0.7704,0.83046,0.79391,0.7611,0.81208,0.7752,0.74304,0.50837,0.50117,0.49416,0.48732,0.48064,0.47413,0.46777,0.46156,0.45549,0.44957,0.44378,0.43812,0.43258,0.42717,0.42188,0.4167,0.41163,0.40667,0.40182,0.39706,0.3924,0.38784,0.38337
0.82176,0.80446,0.78783,0.94125,0.90941,0.87974,0.85246,0.82724,0.80351,0.78145,0.89008,0.85667,0.82622,0.79845,0.77309,0.85727,0.82326,0.79243,0.76417,0.83297,0.79799,0.76688,0.82765,0.79087,0.75789,0.72883,0.70176,0.67711,0.504,0.49685,0.48989,0.48309,0.47647,0.47,0.46369,0.45752,0.4515,0.44562,0.43988,0.43426,0.42877,0.4234,0.41815,0.41301,0.40798,0.40305,0.39824,0.39352,0.3889,0.38437,0.37993
0.81557,0.79835,0.78181,0.93629,0.90441,0.8747,0.8474,0.82218,0.79846,0.77641,0.88598,0.85245,0.82193,0.7941,0.7687,0.8537,0.81954,0.7886,0.76025,0.82978,0.79462,0.76337,0.7351,0.70905,0.68522,0.66341,0.64325,0.6246,0.49968,0.49258,0.48567,0.47892,0.47234,0.46592,0.45966,0.45354,0.44757,0.44173,0.43602,0.43045,0.425,0.41967,0.41446,0.40936,0.40437,0.39948,0.3947,0.39002,0.38543,0.38094,0.37654
0.80944,0.79232,0.77586,0.93137,0.89944,0.8697,0.84239,0.81717,0.79346,0.77143,0.8819,0.84827,0.81767,0.78978,0.76435,0.85015,0.81585,0.7848,0.75636,0.73053,0.70655,0.68462,0.66425,0.64542,0.62792,0.61152,0.59615,0.58176,0.49541,0.48837,0.4815,0.4748,0.46827,0.4619,0.45568,0.44961,0.44368,0.43788,0.43222,0.42669,0.42128,0.41599,0.41082,0.40576,0.4008,0.39596,0.39121,0.38657,0.38202,0.37756,0.37319
0.80339,0.78634,0.76997,0.92648,0.89451,0.86475,0.83742,0.8122,0.7885,0.76648,0.87786,0.84412,0.81344,0.7855,0.76003,0.73575,0.71384,0.69331,0.67415,0.65637,0.63957,0.62386,0.60901,0.59506,0.58191,0.56933,0.55742,0.54607,0.49119,0.4842,0.47738,0.47074,0.46425,0.45792,0.45175,0.44572,0.43983,0.43408,0.42846,0.42297,0.4176,0.41235,0.40722,0.4022,0.39728,0.39247,0.38777,0.38316,0.37864,0.37422,0.36989
0.7974,0.78044,0.76415,0.92164,0.88963,0.85984,0.8325,0.80728,0.78359,0.76159,0.74027,0.72083,0.70247,0.68524,0.66905,0.65358,0.63903,0.62514,0.61188,0.59933,0.58729,0.57574,0.56473,0.55418,0.54407,0.53432,0.52494,0.51589,0.48703,0.48009,0.47332,0.46672,0.46028,0.454,0.44787,0.44188,0.43604,0.43033,0.42475,0.4193,0.41397,0.40876,0.40367,0.39868,0.39381,0.38903,0.38436,0.37979,0.37531,0.37092,0.36662
0.79147,0.77459,0.75839,0.73923,0.72427,0.70986,0.69598,0.68259,0.66968,0.65722,0.64518,0.63354,0.62228,0.61139,0.60084,0.59062,0.58071,0.5711,0.56178,0.55274,0.54395,0.53541,0.52712,0.51905,0.5112,0.50357,0.49613,0.4889,0.48184,0.47497,0.46828,0.46175,0.45538,0.44916,0.4431,0.43718,0.43139,0.42575,0.42023,0.41484,0.40957,0.40441,0.39937,0.39444,0.38962,0.38489,0.38027,0.37575,0.37132,0.36698,0.36272
0.7842,0.76735,0.75118,0.73564,0.72069,0.7063,0.69244,0.67908,0.66619,0.65375,0.64173,0.63012,0.61888,0.60801,0.59749,0.58729,0.57741,0.56783,0.55854,0.54951,0.54075,0.53224,0.52397,0.51593,0.50811,0.5005,0.49309,0.48588,0.47885,0.472,0.46533,0.45882,0.45248,0.44629,0.44025,0.43435,0.42859,0.42296,0.41747,0.4121,0.40685,0.40172,0.3967,0.39179,0.38699,0.38228,0.37768,0.37318,0.36877,0.36445,0.36021
0.77525,0.75888,0.74315,0.72803,0.71347,0.69945,0.68593,0.6729,0.66031,0.64816,0.63641,0.62505,0.61406,0.60342,0.59312,0.58313,0.57344,0.56404,0.55493,0.54607,0.53747,0.52911,0.52098,0.51307,0.50538,0.4979,0.49061,0.48351,0.47659,0.46985,0.46327,0.45686,0.4506,0.4445,0.43854,0.43272,0.42704,0.42149,0.41606,0.41076,0.40557,0.4005,0.39554,0.39069,0.38594,0.38129,0.37674,0.37229,0.36792,0.36365,0.35946
0.76647,0.75056,0.73526,0.72054,0.70637,0.6927,0.67952,0.6668,0.65452,0.64265,0.63117,0.62006,0.60931,0.59889,0.5888,0.57901,0.56951,0.5603,0.55135,0.54266,0.53421,0.526,0.51802,0.51025,0.50268,0.49532,0.48815,0.48116,0.47435,0.46771,0.46123,0.45491,0.44874,0.44272,0.43685,0.43111,0.4255,0.42002,0.41466,0.40943,0.40431,0.3993,0.39439,0.3896,0.3849,0.38031,0.37581,0.3714,0.36708,0.36285,0.3587
0.75784,0.74239,0.72751,0.71319,0.69938,0.68606,0.67321,0.6608,0.64881,0.63721,0.62599,0.61513,0.60461,0.59441,0.58453,0.57494,0.56563,0.5566,0.54782,0.53929,0.53099,0.52293,0.51508,0.50744,0.50001,0.49276,0.48571,0.47883,0.47212,0.46558,0.4592,0.45297,0.4469,0.44096,0.43517,0.4295,0.42397,0.41856,0.41327,0.4081,0.40304,0.3981,0.39325,0.38851,0.38387,0.37933,0.37488,0.37052,0.36624,0.36206,0.35795
0.74938,0.73436,0.71989,0.70595,0.6925,0.67953,0.667,0.65489,0.64318,0.63185,0.62089,0.61027,0.59997,0.58999,0.58031,0.57092,0.56179,0.55293,0.54432,0.53595,0.52781,0.51989,0.51218,0.50467,0.49736,0.49023,0.48329,0.47652,0.46992,0.46348,0.45719,0.45105,0.44506,0.43921,0.4335,0.42791,0.42245,0.41711,0.41189,0.40679,0.40179,0.3969,0.39212,0.38743,0.38285,0.37835,0.37395,0.36964,0.36541,0.36127,0.35721
0.74106,0.72646,0.7124,0.69883,0.68574,0.67309,0.66088,0.64906,0.63763,0.62657,0.61585,0.60546,0.59539,0.58563,0.57614,0.56694,0.558,0.54931,0.54086,0.53265,0.52465,0.51687,0.5093,0.50192,0.49473,0.48772,0.48089,0.47423,0.46773,0.46139,0.45519,0.44915,0.44324,0.43748,0.43184,0.42633,0.42094,0.41567,0.41052,0.40548,0.40055,0.39572,0.39099,0.38636,0.38182,0.37738,0.37303,0.36876,0.36458,0.36048,0.35647
0.73289,0.71871,0.70503,0.69183,0.67908,0.66676,0.65485,0.64332,0.63216,0.62135,0.61088,0.60072,0.59087,0.58131,0.57203,0.56301,0.55425,0.54573,0.53744,0.52938,0.52153,0.51389,0.50645,0.49919,0.49213,0.48524,0.47851,0.47196,0.46556,0.45931,0.45321,0.44726,0.44144,0.43575,0.43019,0.42476,0.41944,0.41424,0.40916,0.40418,0.39931,0.39454,0.38987,0.38529,0.38081,0.37642,0.37211,0.3679,0.36376,0.3597,0.35573
0.72487,0.71109,0.69779,0.68494,0.67252,0.66052,0.6489,0.63766,0.62677,0.61621,0.60597,0.59604,0.58641,0.57705,0.56796,0.55912,0.55054,0.54218,0.53405,0.52614,0.51844,0.51093,0.50362,0.4965,0.48955,0.48277,0.47616,0.46971,0.46341,0.45726,0.45125,0.44538,0.43965,0.43404,0.42856,0.4232,0.41795,0.41282,0.4078,0.40289,0.39808,0.39336,0.38875,0.38423,0.3798,0.37546,0.3712,0.36703,0.36294,0.35893,0.35499
0.71699,0.7036,0.69066,0.67816,0.66607,0.65437,0.64305,0.63208,0.62145,0.61114,0.60113,0.59142,0.582,0.57284,0.56394,0.55528,0.54687,0.53868,0.5307,0.52294,0.51538,0.50801,0.50083,0.49382,0.48699,0.48033,0.47382,0.46747,0.46127,0.45522,0.4493,0.44352,0.43787,0.43234,0.42693,0.42165,0.41647,0.41141,0.40646,0.4016,0.39685,0.3922,0.38764,0.38317,0.37879,0.3745,0.3703,0.36617,0.36212,0.35815,0.35426
0.70924,0.69623,0.68365,0.67149,0.65972,0.64832,0.63728,0.62658,0.6162,0.60613,0.59636,0.58686,0.57764,0.56868,0.55996,0.55149,0.54324,0.53521,0.52739,0.51977,0.51235,0.50511,0.49805,0.49117,0.48446,0.4779,0.47151,0.46526,0.45915,0.45319,0.44736,0.44167,0.4361,0.43065,0.42532,0.42011,0.415,0.41001,0.40512,0.40033,0.39564,0.39104,0.38654,0.38212,0.3778,0.37355,0.36939,0.36531,0.36131,0.35738,0.35353
0.70163,0.68899,0.67676,0.66492,0.65346,0.64236,0.6316,0.62116,0.61103,0.60119,0.59164,0.58236,0.57334,0.56457,0.55604,0.54773,0.53965,0.53178,0.52411,0.51663,0.50935,0.50224,0.49531,0.48855,0.48195,0.4755,0.46921,0.46306,0.45705,0.45118,0.44544,0.43983,0.43434,0.42897,0.42372,0.41858,0.41354,0.40862,0.40379,0.39906,0.39443,0.38989,0.38544,0.38108,0.3768,0.37261,0.36849,0.36446,0.3605,0.35662,0.3528
0.69415,0.68187,0.66998,0.65846,0.6473,0.63649,0.62599,0.61581,0.60592,0.59632,0.58699,0.57791,0.56909,0.56051,0.55215,0.54402,0.5361,0.52838,0.52086,0.51353,0.50638,0.4994,0.49259,0.48595,0.47946,0.47312,0.46693,0.46088,0.45497,0.44919,0.44354,0.43801,0.4326,0.42731,0.42213,0.41706,0.41209,0.40723,0.40247,0.3978,0.39323,0.38874,0.38435,0.38004,0.37581,0.37167,0.3676,0.36361,0.3597,0.35585,0.35208
0.6868,0.67487,0.66331,0.6521,0.64124,0.6307,0.62047,0.61054,0.60089,0.59151,0.58239,0.57352,0.56489,0.5565,0.54832,0.54035,0.53259,0.52502,0.51765,0.51045,0.50343,0.49658,0.4899,0.48337,0.47699,0.47076,0.46467,0.45872,0.4529,0.44721,0.44165,0.4362,0.43087,0.42566,0.42055,0.41555,0.41065,0.40585,0.40115,0.39655,0.39203,0.3876,0.38326,0.37901,0.37483,0.37073,0.36671,0.36277,0.3589,0.3551,0.35136
0.67958,0.66798,0.65674,0.64584,0.63527,0.625,0.61503,0.60534,0.59592,0.58676,0.57786,0.56919,0.56075,0.55253,0.54452,0.53672,0.52912,0.5217,0.51447,0.50741,0.50052,0.4938,0.48723,0.48081,0.47455,0.46842,0.46243,0.45658,0.45085,0.44525,0.43977,0.43441,0.42916,0.42402,0.41898,0.41405,0.40922,0.40449,0.39985,0.3953,0.39084,0.38647,0.38218,0.37798,0.37385,0.3698,0.36583,0.36193,0.3581,0.35434,0.35065
0.67247,0.66121,0.65028,0.63968,0.62938,0.61938,0.60966,0.60021,0.59102,0.58208,0.57338,0.56491,0.55665,0.54861,0.54077,0.53313,0.52568,0.51841,0.51132,0.5044,0.49764,0.49103,0.48458,0.47828,0.47212,0.4661,0.46021,0.45445,0.44882,0.4433,0.43791,0.43263,0.42745,0.42239,0.41742,0.41256,0.4078,0.40313,0.39855,0.39406,0.38966,0.38535,0.38111,0.37696,0.37288,0.36888,0.36495,0.36109,0.35731,0.35359,0.34994
0.66549,0.65455,0.64393,0.63361,0.62359,0.61385,0.60437,0.59516,0.58619,0.57746,0.56896,0.56068,0.55261,0.54474,0.53707,0.52959,0.52229,0.51516,0.50821,0.50141,0.49478,0.4883,0.48197,0.47577,0.46972,0.4638,0.45801,0.45234,0.4468,0.44137,0.43606,0.43086,0.42576,0.42077,0.41588,0.41108,0.40638,0.40178,0.39726,0.39283,0.38849,0.38423,0.38004,0.37594,0.37191,0.36796,0.36407,0.36026,0.35652,0.35284,0.34923
0.65862,0.64799,0.63767,0.62763,0.61788,0.60839,0.59916,0.59017,0.58142,0.5729,0.56459,0.5565,0.54861,0.54091,0.5334,0.52608,0.51892,0.51194,0.50512,0.49846,0.49195,0.48559,0.47937,0.47329,0.46734,0.46152,0.45583,0.45025,0.4448,0.43946,0.43422,0.4291,0.42408,0.41916,0.41434,0.40961,0.40498,0.40044,0.39598,0.39161,0.38732,0.38311,0.37898,0.37493,0.37095,0.36704,0.3632,0.35943,0.35573,0.3521,0.34852
0.65187,0.64154,0.63151,0.62175,0.61225,0.60301,0.59402,0.58525,0.57671,0.56839,0.56028,0.55237,0.54466,0.53713,0.52978,0.52261,0.5156,0.50876,0.50207,0.49554,0.48915,0.48291,0.4768,0.47082,0.46498,0.45926,0.45366,0.44818,0.44281,0.43755,0.4324,0.42736,0.42241,0.41757,0.41281,0.40815,0.40359,0.3991,0.39471,0.39039,0.38616,0.38201,0.37793,0.37392,0.36999,0.36613,0.36234,0.35861,0.35495,0.35135,0.34782
0.64522,0.6352,0.62545,0.61595,0.60671,0.59771,0.58894,0.5804,0.57207,0.56395,0.55603,0.5483,0.54075,0.53339,0.5262,0.51917,0.51231,0.50561,0.49905,0.49264,0.48638,0.48025,0.47425,0.46838,0.46264,0.45702,0.45151,0.44612,0.44084,0.43567,0.4306,0.42563,0.42076,0.41598,0.4113,0.4067,0.4022,0.39778,0.39344,0.38918,0.38501,0.38091,0.37688,0.37292,0.36904,0.36522,0.36148,0.35779,0.35417,0.35062,0.34712
0.63869,0.62895,0.61948,0.61025,0.60125,0.59249,0.58394,0.57561,0.56749,0.55956,0.55182,0.54427,0.53689,0.52969,0.52265,0.51578,0.50906,0.50249,0.49606,0.48978,0.48363,0.47761,0.47173,0.46596,0.46032,0.45479,0.44938,0.44408,0.43888,0.43379,0.4288,0.42391,0.41911,0.41441,0.40979,0.40526,0.40082,0.39646,0.39218,0.38798,0.38386,0.37981,0.37583,0.37193,0.36809,0.36432,0.36062,0.35698,0.3534,0.34988,0.34643
0.63226,0.62281,0.6136,0.60462,0.59587,0.58734,0.57901,0.57089,0.56296,0.55523,0.54767,0.54029,0.53308,0.52604,0.51915,0.51242,0.50584,0.4994,0.4931,0.48694,0.48091,0.475,0.46922,0.46356,0.45802,0.45259,0.44727,0.44205,0.43694,0.43193,0.42702,0.4222,0.41748,0.41284,0.4083,0.40383,0.39945,0.39515,0.39093,0.38679,0.38272,0.37872,0.3748,0.37094,0.36715,0.36343,0.35976,0.35617,0.35263,0.34915,0.34573
0.62594,0.61676,0.60781,0.59908,0.59057,0.58226,0.57415,0.56623,0.5585,0.55095,0.54357,0.53636,0.52931,0.52242,0.51569,0.5091,0.50265,0.49634,0.49017,0.48413,0.47821,0.47242,0.46674,0.46119,0.45574,0.4504,0.44517,0.44005,0.43502,0.43009,0.42525,0.42051,0.41586,0.41129,0.40681,0.40241,0.39809,0.39385,0.38969,0.3856,0.38159,0.37764,0.37376,0.36996,0.36621,0.36253,0.35892,0.35536,0.35186,0.34843,0.34504
0.61971,0.6108,0.60211,0.59362,0.58534,0.57725,0.56935,0.56163,0.55409,0.54672,0.53952,0.53248,0.52559,0.51885,0.51226,0.50581,0.4995,0.49332,0.48727,0.48134,0.47554,0.46986,0.46429,0.45883,0.45348,0.44824,0.44309,0.43805,0.43311,0.42826,0.4235,0.41883,0.41425,0.40975,0.40533,0.401,0.39674,0.39256,0.38846,0.38442,0.38046,0.37656,0.37274,0.36898,0.36528,0.36164,0.35807,0.35456,0.3511,0.3477,0.34436
0.61359,0.60494,0.5965,0.58825,0.58019,0.57232,0.56462,0.5571,0.54974,0.54255,0.53552,0.52864,0.52191,0.51532,0.50887,0.50256,0.49638,0.49033,0.4844,0.47859,0.4729,0.46732,0.46185,0.45649,0.45124,0.44609,0.44103,0.43608,0.43121,0.42644,0.42176,0.41716,0.41265,0.40822,0.40387,0.3996,0.3954,0.39128,0.38723,0.38325,0.37934,0.37549,0.37172,0.368,0.36435,0.36076,0.35723,0.35376,0.35034,0.34698,0.34367
0.60756,0.59917,0.59097,0.58295,0.57511,0.56745,0.55995,0.55262,0.54545,0.53843,0.53157,0.52485,0.51827,0.51183,0.50552,0.49934,0.49329,0.48736,0.48155,0.47586,0.47028,0.4648,0.45944,0.45418,0.44902,0.44395,0.43899,0.43411,0.42933,0.42464,0.42003,0.4155,0.41106,0.4067,0.40241,0.3982,0.39407,0.39,0.38601,0.38208,0.37822,0.37443,0.3707,0.36704,0.36343,0.35988,0.35639,0.35296,0.34959,0.34626,0.34299
0.60163,0.59349,0.58552,0.57773,0.5701,0.56264,0.55535,0.5482,0.54121,0.53437,0.52766,0.5211,0.51467,0.50838,0.50221,0.49616,0.49024,0.48443,0.47874,0.47315,0.46768,0.46231,0.45705,0.45188,0.44681,0.44184,0.43696,0.43217,0.42746,0.42285,0.41831,0.41386,0.40948,0.40519,0.40096,0.39682,0.39274,0.38873,0.38479,0.38092,0.37712,0.37337,0.36969,0.36607,0.36251,0.35901,0.35556,0.35217,0.34883,0.34555,0.34232
0.59579,0.58789,0.58015,0.57258,0.56517,0.55791,0.5508,0.54384,0.53703,0.53035,0.52381,0.5174,0.51112,0.50496,0.49893,0.49301,0.48721,0.48153,0.47595,0.47048,0.46511,0.45984,0.45468,0.44961,0.44463,0.43974,0.43495,0.43024,0.42561,0.42107,0.41661,0.41222,0.40792,0.40369,0.39953,0.39544,0.39142,0.38747,0.38359,0.37977,0.37601,0.37232,0.36869,0.36511,0.3616,0.35814,0.35473,0.35138,0.34809,0.34484,0.34164
0.59005,0.58238,0.57487,0.56751,0.5603,0.55324,0.54632,0.53954,0.53289,0.52638,0.52,0.51374,0.5076,0.50158,0.49568,0.4899,0.48422,0.47865,0.47319,0.46783,0.46256,0.4574,0.45233,0.44735,0.44246,0.43766,0.43295,0.42832,0.42377,0.41931,0.41492,0.4106,0.40636,0.4022,0.3981,0.39407,0.39011,0.38622,0.38239,0.37862,0.37492,0.37127,0.36769,0.36416,0.36069,0.35727,0.35391,0.3506,0.34734,0.34413,0.34097
0.58439,0.57695,0.56966,0.56251,0.5555,0.54863,0.54189,0.53529,0.52881,0.52246,0.51623,0.51012,0.50413,0.49825,0.49248,0.48681,0.48126,0.47581,0.47045,0.4652,0.46004,0.45497,0.45,0.44511,0.44032,0.4356,0.43097,0.42642,0.42195,0.41756,0.41324,0.40899,0.40482,0.40072,0.39668,0.39271,0.38881,0.38497,0.3812,0.37748,0.37383,0.37023,0.3667,0.36321,0.35979,0.35641,0.35309,0.34982,0.3466,0.34343,0.34031
0.57882,0.5716,0.56452,0.55758,0.55077,0.54408,0.53753,0.53109,0.52478,0.51859,0.51251,0.50654,0.50069,0.49494,0.4893,0.48376,0.47833,0.47299,0.46775,0.4626,0.45754,0.45257,0.44769,0.4429,0.43819,0.43356,0.42901,0.42454,0.42014,0.41582,0.41157,0.40739,0.40329,0.39925,0.39527,0.39136,0.38752,0.38374,0.38001,0.37635,0.37275,0.3692,0.36571,0.36227,0.35889,0.35556,0.35227,0.34904,0.34586,0.34273,0.33964
0.57333,0.56633,0.55946,0.55272,0.5461,0.5396,0.53322,0.52695,0.5208,0.51476,0.50883,0.50301,0.49729,0.49168,0.48616,0.48075,0.47543,0.4702,0.46506,0.46002,0.45506,0.45019,0.4454,0.4407,0.43607,0.43153,0.42706,0.42266,0.41834,0.41409,0.40992,0.40581,0.40176,0.39779,0.39387,0.39002,0.38623,0.38251,0.37884,0.37523,0.37167,0.36817,0.36473,0.36133,0.35799,0.3547,0.35146,0.34827,0.34513,0.34203,0.33898
0.56793,0.56115,0.55448,0.54793,0.5415,0.53517,0.52896,0.52286,0.51687,0.51098,0.5052,0.49952,0.49393,0.48845,0.48306,0.47776,0.47255,0.46744,0.46241,0.45747,0.45261,0.44783,0.44314,0.43852,0.43398,0.42952,0.42513,0.42081,0.41656,0.41238,0.40827,0.40423,0.40025,0.39633,0.39248,0.38869,0.38496,0.38128,0.37767,0.37411,0.3706,0.36715,0.36375,0.3604,0.3571,0.35386,0.35066,0.3475,0.3444,0.34134,0.33832
0.56261,0.55603,0.54957,0.54321,0.53695,0.53081,0.52477,0.51883,0.51299,0.50725,0.50161,0.49606,0.49061,0.48525,0.47998,0.4748,0.46971,0.4647,0.45978,0.45494,0.45018,0.44549,0.44089,0.43636,0.4319,0.42752,0.42321,0.41896,0.41479,0.41068,0.40664,0.40266,0.39875,0.39489,0.3911,0.38737,0.38369,0.38007,0.3765,0.37299,0.36954,0.36613,0.36278,0.35947,0.35622,0.35301,0.34985,0.34674,0.34367,0.34065,0.33767
0.55737,0.551,0.54472,0.53855,0.53248,0.5265,0.52062,0.51484,0.50915,0.50356,0.49806,0.49265,0.48733,0.48209,0.47694,0.47188,0.4669,0.46199,0.45717,0.45243,0.44777,0.44318,0.43866,0.43422,0.42984,0.42554,0.4213,0.41714,0.41303,0.409,0.40502,0.40111,0.39726,0.39346,0.38973,0.38605,0.38243,0.37886,0.37535,0.37189,0.36848,0.36512,0.36181,0.35855,0.35534,0.35217,0.34905,0.34598,0.34295,0.33996,0.33701
0.55221,0.54603,0.53995,0.53396,0.52806,0.52225,0.51653,0.5109,0.50537,0.49992,0.49455,0.48927,0.48408,0.47896,0.47393,0.46898,0.46411,0.45931,0.45459,0.44995,0.44538,0.44088,0.43645,0.43209,0.4278,0.42358,0.41942,0.41532,0.41129,0.40732,0.40341,0.39956,0.39577,0.39204,0.38836,0.38474,0.38117,0.37766,0.3742,0.37079,0.36742,0.36411,0.36085,0.35763,0.35446,0.35134,0.34826,0.34522,0.34223,0.33928,0.33637
0.54712,0.54114,0.53524,0.52943,0.5237,0.51805,0.51249,0.50702,0.50162,0.49631,0.49108,0.48593,0.48086,0.47587,0.47096,0.46612,0.46135,0.45666,0.45204,0.44749,0.44301,0.4386,0.43426,0.42998,0.42577,0.42163,0.41754,0.41352,0.40956,0.40566,0.40182,0.39803,0.3943,0.39063,0.38701,0.38344,0.37993,0.37647,0.37305,0.36969,0.36638,0.36311,0.35989,0.35672,0.35359,0.35051,0.34746,0.34447,0.34151,0.33859,0.33572
0.54211,0.53632,0.5306,0.52496,0.5194,0.51391,0.50851,0.50318,0.49793,0.49275,0.48766,0.48263,0.47769,0.47281,0.46801,0.46328,0.45862,0.45403,0.44951,0.44505,0.44067,0.43634,0.43209,0.42789,0.42376,0.41969,0.41568,0.41173,0.40784,0.40401,0.40023,0.39651,0.39284,0.38923,0.38566,0.38215,0.37869,0.37528,0.37192,0.3686,0.36534,0.36212,0.35894,0.35581,0.35272,0.34968,0.34668,0.34372,0.3408,0.33792,0.33508
0.53718,0.53156,0.52602,0.52055,0.51515,0.50982,0.50457,0.49939,0.49428,0.48924,0.48427,0.47937,0.47454,0.46978,0.46509,0.46047,0.45591,0.45142,0.447,0.44264,0.43834,0.43411,0.42994,0.42582,0.42177,0.41778,0.41384,0.40996,0.40614,0.40237,0.39866,0.395,0.39139,0.38783,0.38433,0.38087,0.37746,0.3741,0.37079,0.36752,0.3643,0.36113,0.358,0.35491,0.35186,0.34886,0.34589,0.34297,0.34009,0.33724,0.33443
0.53231,0.52688,0.52151,0.5162,0.51096,0.50579,0.50068,0.49564,0.49067,0.48576,0.48092,0.47614,0.47143,0.46679,0.46221,0.45769,0.45324,0.44885,0.44452,0.44025,0.43604,0.43189,0.4278,0.42377,0.41979,0.41587,0.41201,0.4082,0.40445,0.40074,0.39709,0.39349,0.38995,0.38645,0.383,0.37959,0.37624,0.37293,0.36967,0.36645,0.36327,0.36014,0.35705,0.35401,0.351,0.34804,0.34511,0.34223,0.33938,0.33657,0.3338
0.52752,0.52226,0.51706,0.51191,0.50683,0.50181,0.49684,0.49194,0.4871,0.48232,0.47761,0.47295,0.46836,0.46382,0.45935,0.45494,0.45059,0.44629,0.44206,0.43788,0.43376,0.42969,0.42568,0.42173,0.41783,0.41399,0.4102,0.40646,0.40277,0.39913,0.39554,0.392,0.38851,0.38507,0.38168,0.37833,0.37502,0.37176,0.36855,0.36538,0.36225,0.35916,0.35612,0.35311,0.35015,0.34722,0.34434,0.34149,0.33868,0.3359,0.33316
0.5228,0.51771,0.51267,0.50768,0.50275,0.49787,0.49305,0.48829,0.48358,0.47893,0.47433,0.4698,0.46532,0.46089,0.45652,0.45221,0.44796,0.44376,0.43962,0.43553,0.43149,0.42751,0.42359,0.41971,0.41589,0.41212,0.40839,0.40472,0.4011,0.39753,0.394,0.39052,0.38709,0.3837,0.38036,0.37707,0.37382,0.37061,0.36744,0.36432,0.36123,0.35819,0.35519,0.35222,0.3493,0.34641,0.34356,0.34075,0.33798,0.33523,0.33253
0.51814,0.51322,0.50834,0.50351,0.49873,0.49399,0.48931,0.48468,0.4801,0.47557,0.4711,0.46667,0.46231,0.45799,0.45373,0.44952,0.44536,0.44126,0.4372,0.4332,0.42925,0.42535,0.42151,0.41771,0.41396,0.41026,0.40661,0.403,0.39945,0.39593,0.39247,0.38905,0.38568,0.38235,0.37906,0.37582,0.37262,0.36946,0.36634,0.36326,0.36022,0.35722,0.35426,0.35134,0.34845,0.34561,0.34279,0.34002,0.33728,0.33457,0.3319
0.51355,0.50879,0.50407,0.49939,0.49475,0.49016,0.48561,0.48111,0.47666,0.47225,0.4679,0.46359,0.45933,0.45512,0.45096,0.44685,0.44279,0.43877,0.43481,0.4309,0.42703,0.42321,0.41944,0.41572,0.41204,0.40842,0.40483,0.40129,0.3978,0.39435,0.39095,0.38759,0.38427,0.381,0.37777,0.37457,0.37142,0.36831,0.36524,0.36221,0.35921,0.35626,0.35334,0.35046,0.34761,0.3448,0.34203,0.33929,0.33658,0.33391,0.33127
0.50903,0.50442,0.49986,0.49532,0.49083,0.48638,0.48196,0.47759,0.47326,0.46897,0.46473,0.46053,0.45638,0.45228,0.44822,0.4442,0.44024,0.43631,0.43244,0.42861,0.42483,0.42109,0.4174,0.41375,0.41015,0.40659,0.40307,0.3996,0.39617,0.39279,0.38944,0.38614,0.38288,0.37966,0.37648,0.37334,0.37024,0.36717,0.36415,0.36116,0.35821,0.3553,0.35242,0.34958,0.34678,0.34401,0.34127,0.33856,0.33589,0.33326,0.33065
0.50457,0.50012,0.4957,0.49131,0.48696,0.48264,0.47835,0.47411,0.4699,0.46573,0.4616,0.45751,0.45347,0.44946,0.4455,0.44159,0.43771,0.43388,0.43009,0.42635,0.42264,0.41898,0.41537,0.41179,0.40826,0.40477,0.40132,0.39792,0.39455,0.39123,0.38794,0.3847,0.38149,0.37833,0.3752,0.37211,0.36906,0.36604,0.36307,0.36012,0.35722,0.35435,0.35151,0.34871,0.34594,0.34321,0.34051,0.33784,0.33521,0.3326,0.33003
0.50017,0.49587,0.4916,0.48735,0.48314,0.47895,0.47479,0.47067,0.46658,0.46252,0.4585,0.45452,0.45058,0.44668,0.44282,0.43899,0.43521,0.43147,0.42776,0.4241,0.42048,0.4169,0.41336,0.40985,0.40639,0.40297,0.39959,0.39625,0.39295,0.38968,0.38646,0.38327,0.38012,0.377,0.37393,0.37089,0.36789,0.36492,0.36199,0.35909,0.35623,0.3534,0.35061,0.34784,0.34512,0.34242,0.33976,0.33712,0.33452,0.33195,0.32941
0.49583,0.49169,0.48756,0.48345,0.47936,0.4753,0.47127,0.46727,0.46329,0.45935,0.45544,0.45157,0.44773,0.44393,0.44016,0.43643,0.43273,0.42908,0.42546,0.42188,0.41833,0.41483,0.41136,0.40793,0.40454,0.40119,0.39787,0.39459,0.39135,0.38815,0.38498,0.38185,0.37875,0.37569,0.37267,0.36968,0.36672,0.3638,0.36092,0.35806,0.35524,0.35246,0.3497,0.34698,0.34429,0.34163,0.33901,0.33641,0.33384,0.3313,0.3288
0.49156,0.48755,0.48357,0.47959,0.47564,0.4717,0.46779,0.46391,0.46005,0.45622,0.45242,0.44864,0.44491,0.4412,0.43753,0.43389,0.43028,0.42671,0.42317,0.41967,0.41621,0.41278,0.40938,0.40602,0.4027,0.39941,0.39616,0.39295,0.38977,0.38662,0.38351,0.38043,0.37739,0.37438,0.37141,0.36847,0.36556,0.36269,0.35985,0.35704,0.35426,0.35152,0.34881,0.34612,0.34347,0.34085,0.33826,0.3357,0.33316,0.33066,0.32818
0.48734,0.48348,0.47963,0.47578,0.47196,0.46815,0.46436,0.46059,0.45684,0.45312,0.44942,0.44575,0.44211,0.4385,0.43492,0.43137,0.42785,0.42436,0.42091,0.41749,0.4141,0.41074,0.40742,0.40413,0.40088,0.39766,0.39447,0.39131,0.38819,0.38511,0.38205,0.37903,0.37604,0.37309,0.37016,0.36727,0.36441,0.36159,0.35879,0.35603,0.35329,0.35059,0.34791,0.34527,0.34266,0.34007,0.33752,0.33499,0.33249,0.33002,0.32757
0.48318,0.47946,0.47574,0.47203,0.46832,0.46463,0.46096,0.4573,0.45367,0.45005,0.44646,0.44289,0.43935,0.43583,0.43234,0.42888,0.42544,0.42204,0.41866,0.41532,0.41201,0.40873,0.40547,0.40226,0.39907,0.39591,0.39279,0.38969,0.38663,0.3836,0.3806,0.37764,0.3747,0.3718,0.36892,0.36608,0.36327,0.36049,0.35774,0.35501,0.35232,0.34966,0.34703,0.34442,0.34184,0.3393,0.33678,0.33428,0.33182,0.32938,0.32697
0.47908,0.47549,0.4719,0.46832,0.46474,0.46117,0.45761,0.45406,0.45053,0.44702,0.44353,0.44006,0.43661,0.43318,0.42978,0.42641,0.42306,0.41974,0.41644,0.41317,0.40994,0.40673,0.40354,0.40039,0.39727,0.39418,0.39112,0.38808,0.38508,0.38211,0.37917,0.37625,0.37337,0.37052,0.36769,0.3649,0.36213,0.3594,0.35669,0.35401,0.35136,0.34874,0.34614,0.34358,0.34104,0.33853,0.33604,0.33358,0.33115,0.32874,0.32636
0.47504,0.47158,0.46812,0.46465,0.46119,0.45774,0.45429,0.45086,0.44743,0.44402,0.44063,0.43726,0.4339,0.43057,0.42725,0.42396,0.4207,0.41745,0.41424,0.41105,0.40788,0.40474,0.40163,0.39855,0.39549,0.39246,0.38946,0.38649,0.38354,0.38063,0.37774,0.37488,0.37205,0.36924,0.36647,0.36372,0.361,0.35831,0.35565,0.35301,0.3504,0.34782,0.34526,0.34274,0.34023,0.33776,0.33531,0.33288,0.33048,0.32811,0.32576
0.47105,0.46772,0.46438,0.46104,0.45769,0.45435,0.45102,0.44769,0.44437,0.44106,0.43776,0.43448,0.43122,0.42798,0.42475,0.42154,0.41836,0.41519,0.41205,0.40894,0.40584,0.40278,0.39973,0.39671,0.39372,0.39076,0.38782,0.3849,0.38201,0.37915,0.37632,0.37351,0.37073,0.36798,0.36525,0.36255,0.35988,0.35723,0.35461,0.35202,0.34945,0.34691,0.34439,0.3419,0.33943,0.33699,0.33458,0.33219,0.32982,0.32748,0.32516
0.46711,0.46391,0.46069,0.45747,0.45424,0.45101,0.44778,0.44455,0.44134,0.43813,0.43493,0.43174,0.42857,0.42541,0.42227,0.41914,0.41604,0.41295,0.40989,0.40685,0.40382,0.40083,0.39785,0.3949,0.39197,0.38906,0.38618,0.38333,0.3805,0.37769,0.37491,0.37216,0.36943,0.36672,0.36404,0.36139,0.35876,0.35616,0.35358,0.35103,0.3485,0.346,0.34352,0.34107,0.33864,0.33623,0.33385,0.3315,0.32916,0.32685,0.32457
0.46323,0.46015,0.45705,0.45394,0.45082,0.4477,0.44458,0.44146,0.43834,0.43523,0.43212,0.42903,0.42594,0.42287,0.41981,0.41677,0.41374,0.41073,0.40774,0.40477,0.40182,0.39889,0.39598,0.39309,0.39023,0.38738,0.38456,0.38177,0.37899,0.37624,0.37351,0.37081,0.36813,0.36547,0.36284,0.36024,0.35765,0.35509,0.35256,0.35005,0.34756,0.3451,0.34266,0.34024,0.33785,0.33548,0.33313,0.33081,0.32851,0.32623,0.32397
0.4594,0.45643,0.45345,0.45046,0.44745,0.44444,0.44142,0.4384,0.43538,0.43236,0.42934,0.42634,0.42334,0.42035,0.41738,0.41442,0.41147,0.40854,0.40562,0.40272,0.39984,0.39697,0.39413,0.3913,0.3885,0.38572,0.38295,0.38021,0.37749,0.3748,0.37212,0.36947,0.36684,0.36423,0.36165,0.35909,0.35655,0.35403,0.35154,0.34907,0.34662,0.3442,0.3418,0.33942,0.33706,0.33472,0.33241,0.33012,0.32785,0.32561,0.32338
0.45654,0.45368,0.4508,0.44791,0.445,0.44208,0.43915,0.43622,0.43328,0.43035,0.42741,0.42449,0.42157,0.41865,0.41575,0.41285,0.40997,0.40711,0.40425,0.40141,0.39859,0.39579,0.393,0.39023,0.38748,0.38475,0.38203,0.37934,0.37667,0.37402,0.37139,0.36878,0.36619,0.36362,0.36108,0.35855,0.35605,0.35357,0.35112,0.34868,0.34627,0.34387,0.3415,0.33915,0.33683,0.33452,0.33224,0.32997,0.32773,0.32551,0.32331
0.44926,0.44658,0.44387,0.44113,0.43838,0.43561,0.43284,0.43005,0.42726,0.42447,0.42167,0.41888,0.41608,0.4133,0.41052,0.40774,0.40498,0.40223,0.39949,0.39676,0.39404,0.39134,0.38865,0.38598,0.38333,0.38069,0.37807,0.37547,0.37288,0.37031,0.36777,0.36524,0.36273,0.36024,0.35777,0.35532,0.3529,0.35049,0.3481,0.34573,0.34338,0.34105,0.33874,0.33646,0.33419,0.33194,0.32972,0.32751,0.32532,0.32315,0.32101
0.4468,0.44415,0.44148,0.43879,0.43608,0.43336,0.43062,0.42787,0.42512,0.42236,0.4196,0.41684,0.41408,0.41133,0.40858,0.40584,0.40311,0.40038,0.39767,0.39497,0.39229,0.38961,0.38695,0.38431,0.38168,0.37907,0.37647,0.3739,0.37134,0.36879,0.36627,0.36377,0.36128,0.35881,0.35636,0.35394,0.35153,0.34914,0.34677,0.34442,0.34209,0.33978,0.33749,0.33522,0.33297,0.33074,0.32853,0.32634,0.32417,0.32202,0.31989
0.44435,0.44175,0.43912,0.43647,0.4338,0.43111,0.42841,0.4257,0.42299,0.42027,0.41754,0.41482,0.41209,0.40937,0.40666,0.40395,0.40125,0.39855,0.39587,0.3932,0.39054,0.3879,0.38527,0.38265,0.38005,0.37746,0.37489,0.37234,0.3698,0.36728,0.36478,0.3623,0.35984,0.35739,0.35496,0.35256,0.35017,0.3478,0.34545,0.34312,0.34081,0.33852,0.33625,0.334,0.33176,0.32955,0.32736,0.32518,0.32303,0.32089,0.31878
0.44193,0.43937,0.43678,0.43417,0.43154,0.42889,0.42623,0.42356,0.42087,0.41819,0.4155,0.41281,0.41012,0.40743,0.40475,0.40207,0.3994,0.39674,0.39408,0.39144,0.38881,0.38619,0.38359,0.381,0.37842,0.37586,0.37332,0.37079,0.36827,0.36578,0.3633,0.36084,0.3584,0.35598,0.35357,0.35118,0.34882,0.34647,0.34414,0.34183,0.33954,0.33726,0.33501,0.33277,0.33056,0.32836,0.32619,0.32403,0.32189,0.31977,0.31767
0.43952,0.437,0.43446,0.43189,0.42929,0.42668,0.42406,0.42142,0.41878,0.41613,0.41347,0.41081,0.40816,0.4055,0.40285,0.4002,0.39756,0.39493,0.39231,0.38969,0.38709,0.3845,0.38192,0.37936,0.37681,0.37427,0.37175,0.36925,0.36676,0.36429,0.36183,0.35939,0.35697,0.35457,0.35219,0.34982,0.34747,0.34514,0.34283,0.34054,0.33827,0.33601,0.33378,0.33156,0.32936,0.32718,0.32502,0.32288,0.32076,0.31866,0.31657
0.43713,0.43466,0.43215,0.42962,0.42706,0.42449,0.4219,0.4193,0.4167,0.41408,0.41146,0.40883,0.40621,0.40359,0.40097,0.39835,0.39574,0.39314,0.39054,0.38796,0.38538,0.38282,0.38027,0.37773,0.3752,0.37269,0.3702,0.36772,0.36525,0.3628,0.36037,0.35795,0.35555,0.35317,0.35081,0.34846,0.34614,0.34383,0.34153,0.33926,0.33701,0.33477,0.33255,0.33035,0.32817,0.32601,0.32387,0.32174,0.31963,0.31754,0.31547
0.43476,0.43233,0.42986,0.42737,0.42485,0.42232,0.41977,0.4172,0.41463,0.41205,0.40946,0.40687,0.40428,0.40168,0.39909,0.39651,0.39393,0.39135,0.38879,0.38623,0.38368,0.38115,0.37862,0.37611,0.37361,0.37112,0.36865,0.36619,0.36375,0.36132,0.35891,0.35652,0.35414,0.35178,0.34944,0.34711,0.34481,0.34252,0.34024,0.33799,0.33575,0.33353,0.33133,0.32915,0.32699,0.32484,0.32271,0.3206,0.31851,0.31644,0.31438
0.43241,0.43002,0.42759,0.42514,0.42266,0.42016,0.41764,0.41512,0.41258,0.41003,0.40747,0.40492,0.40236,0.39979,0.39724,0.39468,0.39213,0.38958,0.38705,0.38452,0.382,0.37949,0.37699,0.3745,0.37202,0.36956,0.36711,0.36468,0.36226,0.35986,0.35747,0.3551,0.35274,0.3504,0.34808,0.34577,0.34348,0.34121,0.33896,0.33672,0.3345,0.3323,0.33012,0.32796,0.32581,0.32368,0.32157,0.31947,0.3174,0.31534,0.3133
0.43008,0.42773,0.42534,0.42292,0.42048,0.41802,0.41554,0.41304,0.41054,0.40802,0.4055,0.40298,0.40045,0.39792,0.39539,0.39286,0.39034,0.38783,0.38532,0.38281,0.38032,0.37784,0.37536,0.3729,0.37045,0.36801,0.36559,0.36318,0.36078,0.3584,0.35603,0.35368,0.35135,0.34903,0.34672,0.34444,0.34217,0.33992,0.33768,0.33546,0.33326,0.33108,0.32892,0.32677,0.32464,0.32252,0.32043,0.31835,0.31629,0.31425,0.31222
0.42777,0.42545,0.4231,0.42072,0.41832,0.41589,0.41345,0.41099,0.40852,0.40604,0.40355,0.40105,0.39855,0.39606,0.39356,0.39106,0.38857,0.38608,0.3836,0.38112,0.37865,0.3762,0.37375,0.37131,0.36888,0.36647,0.36407,0.36168,0.35931,0.35695,0.3546,0.35227,0.34996,0.34766,0.34538,0.34311,0.34086,0.33863,0.33641,0.33421,0.33203,0.32986,0.32772,0.32558,0.32347,0.32137,0.31929,0.31723,0.31519,0.31316,0.31115
0.4256,0.42332,0.42101,0.41867,0.4163,0.4139,0.41149,0.40907,0.40663,0.40418,0.40172,0.39925,0.39679,0.39432,0.39185,0.38938,0.38691,0.38445,0.38199,0.37954,0.3771,0.37467,0.37224,0.36983,0.36743,0.36504,0.36266,0.36029,0.35794,0.3556,0.35328,0.35097,0.34867,0.34639,0.34413,0.34188,0.33965,0.33743,0.33523,0.33305,0.33089,0.32874,0.3266,0.32449,0.32239,0.32031,0.31824,0.3162,0.31417,0.31215,0.31015
0.83377,0.83329,0.83273,0.83209,0.83138,0.8306,0.82976,0.82885,0.82789,0.82688,0.82582,0.82472,0.82357,0.82238,0.82116,0.8199,0.81862,0.8173,0.81595,0.81458,0.81318,0.81177,0.81033,0.80887,0.8074,0.80591,0.80441,0.80289,0.80136,0.79982,0.79827,0.79671,0.79514,0.79357,0.79198,0.7904,0.7888,0.78721,0.7856,0.784,0.78239,0.78078,0.77917,0.77756,0.77595,0.77434,0.77273,0.77112,0.76951,0.7679,0.76629
0.89111,0.88908,0.88705,0.885,0.88294,0.88087,0.87879,0.87671,0.87462,0.87252,0.87041,0.86831,0.8662,0.86408,0.86196,0.85985,0.85773,0.85561,0.85349,0.85137,0.84925,0.84714,0.84502,0.84291,0.84081,0.83871,0.83661,0.83452,0.83243,0.83035,0.82827,0.8262,0.82414,0.82208,0.82003,0.81799,0.81595,0.81392,0.8119,0.80989,0.80789,0.80589,0.8039,0.80192,0.79995,0.79799,0.79604,0.7941,0.79216,0.79024,0.78832
0.99915,0.99374,0.98851,0.98344,0.97851,0.97372,0.96905,0.9645,0.96006,0.95572,0.95147,0.94732,0.94325,0.93926,0.93535,0.93151,0.92773,0.92403,0.92038,0.91679,0.91326,0.90979,0.90636,0.90299,0.89966,0.89638,0.89315,0.88995,0.8868,0.88369,0.88062,0.87759,0.87459,0.87163,0.8687,0.8658,0.86294,0.86011,0.85731,0.85454,0.8518,0.84909,0.84641,0.84375,0.84113,0.83852,0.83595,0.8334,0.83087,0.82837,0.82589
1.1893,1.1766,1.1646,1.1531,1.1423,1.1319,1.1219,1.1124,1.1033,1.0946,1.0861,1.078,1.0702,1.0626,1.0553,1.0482,1.0413,1.0346,1.0282,1.0219,1.0158,1.0098,1.004,0.99839,0.99288,0.9875,0.98225,0.97711,0.9721,0.96718,0.96238,0.95767,0.95306,0.94853,0.9441,0.93975,0.93548,0.93128,0.92717,0.92312,0.91914,0.91523,0.91138,0.9076,0.90388,0.90021,0.8966,0.89305,0.88954,0.88609,0.88269
1.5372,1.5072,1.4793,1.4534,1.4291,1.4063,1.3849,1.3647,1.3457,1.3276,1.3105,1.2943,1.2789,1.2642,1.2501,1.2367,1.2238,1.2115,1.1997,1.1883,1.1774,1.1668,1.1567,1.1469,1.1374,1.1282,1.1194,1.1108,1.1024,1.0944,1.0865,1.0789,1.0715,1.0643,1.0573,1.0504,1.0438,1.0373,1.0309,1.0248,1.0187,1.0128,1.007,1.0014,0.99588,0.99047,0.98518,0.98,0.97491,0.96993,0.96505
0.93854,1.6289,1.5603,1.4979,1.4408,1.3883,1.3399,1.2952,1.2536,1.2149,1.1789,1.1451,1.1134,1.0836,1.0556,1.0291,1.004,0.98026,0.95773,0.93631,0.91592,0.89648,0.87793,0.86019,0.84321,0.82695,0.81135,0.79637,0.78198,0.76813,0.75479,0.74194,0.72955,0.71758,0.70602,0.69485,0.68404,0.67357,0.66343,0.65361,0.64408,0.63483,0.62585,0.61712,0.60865,0.6004,0.59238,0.58457,0.57697,0.56956,0.56234
1.1706,0.95105,0.95872,0.96616,0.97337,0.98035,0.9871,0.99364,0.99997,1.0061,1.012,1.0178,1.0233,1.6532,1.5905,1.5325,1.4787,1.4288,1.3822,1.3388,1.298,1.2598,1.2239,1.19,1.1581,1.1278,1.0992,1.0721,1.0463,1.0218,0.99844,0.97616,0.9549,0.93457,0.91511,0.89647,0.8786,0.86145,0.84497,0.82913,0.81388,0.79919,0.78504,0.77138,0.7582,0.74547,0.73316,0.72126,0.70974,0.69858,0.68777
1.1643,1.1692,1.1739,1.1782,1.1823,1.1861,1.1896,1.1929,1.196,1.1988,1.2014,1.2037,1.2059,1.0325,1.0376,1.0426,1.0473,1.0519,1.0564,1.0607,1.0648,1.0688,1.0726,1.0763,1.0798,1.7148,1.6535,1.5965,1.5431,1.4932,1.4464,1.4025,1.3611,1.322,1.2851,1.2503,1.2172,1.1858,1.156,1.1277,1.1007,1.0749,1.0503,1.0268,1.0044,0.98284,0.96222,0.94242,0.92342,0.90516,0.8876
1.158,1.163,1.1678,1.1722,1.1764,1.1803,1.184,1.1873,1.1905,1.1934,1.1961,1.1986,1.2009,1.203,1.2048,1.2065,1.2081,1.2094,1.2106,1.2117,1.2125,1.2133,1.2139,1.2143,1.2146,1.0863,1.0895,1.0926,1.0956,1.0984,1.1011,1.1037,1.1062,1.1085,1.1108,1.113,1.115,1.117,1.7513,1.6925,1.6374,1.5856,1.5369,1.4909,1.4474,1.4063,1.3674,1.3305,1.2954,1.2621,1.2304
1.1518,1.1569,1.1617,1.1663,1.1706,1.1746,1.1783,1.1818,1.1851,1.1881,1.1909,1.1935,1.1959,1.1981,1.2,1.2019,1.2035,1.2049,1.2062,1.2074,1.2083,1.2092,1.2099,1.2104,1.2108,1.2111,1.2113,1.2113,1.2113,1.2111,1.2108,1.2105,1.21,1.2094,1.2087,1.208,1.2071,1.2062,1.121,1.1227,1.1243,1.1258,1.1272,1.1286,1.1298,1.131,1.1321,1.1331,1.134,1.1349,1.1357
1.1456,1.1508,1.1557,1.1604,1.1648,1.1689,1.1727,1.1763,1.1797,1.1828,1.1857,1.1884,1.1909,1.1932,1.1953,1.1972,1.1989,1.2005,1.2019,1.2031,1.2042,1.2051,1.2059,1.2065,1.2071,1.2075,1.2077,1.2079,1.2079,1.2078,1.2076,1.2073,1.2069,1.2065,1.2059,1.2052,1.2045,1.2036,1.2027,1.2017,1.2007,1.1995,1.1983,1.197,1.1957,1.1943,1.1929,1.1913,1.1898,1.1882,1.1865
1.1394,1.1447,1.1498,1.1545,1.159,1.1632,1.1672,1.1709,1.1743,1.1776,1.1806,1.1834,1.1859,1.1883,1.1905,1.1925,1.1944,1.196,1.1975,1.1989,1.2,1.2011,1.2019,1.2027,1.2033,1.2038,1.2041,1.2044,1.2045,1.2045,1.2044,1.2042,1.2039,1.2035,1.2031,1.2025,1.2018,1.2011,1.2002,1.1993,1.1983,1.1973,1.1962,1.195,1.1937,1.1924,1.191,1.1896,1.1881,1.1866,1.185
1.1333,1.1387,1.1439,1.1487,1.1533,1.1576,1.1616,1.1654,1.169,1.1723,1.1754,1.1783,1.181,1.1835,1.1858,1.1879,1.1898,1.1916,1.1932,1.1946,1.1959,1.197,1.198,1.1989,1.1996,1.2001,1.2006,1.2009,1.2011,1.2013,1.2013,1.2011,1.2009,1.2006,1.2002,1.1997,1.1992,1.1985,1.1978,1.1969,1.196,1.1951,1.194,1.1929,1.1917,1.1905,1.1892,1.1878,1.1864,1.185,1.1834
1.1272,1.1328,1.138,1.143,1.1476,1.152,1.1562,1.1601,1.1637,1.1672,1.1704,1.1733,1.1761,1.1787,1.1811,1.1833,1.1854,1.1872,1.1889,1.1904,1.1918,1.193,1.1941,1.195,1.1958,1.1965,1.1971,1.1975,1.1978,1.198,1.1981,1.1981,1.1979,1.1977,1.1974,1.197,1.1965,1.1959,1.1953,1.1945,1.1937,1.1928,1.1919,1.1908,1.1898,1.1886,1.1874,1.1861,1.1848,1.1834,1.1819
1.1212,1.1269,1.1322,1.1372,1.142,1.1465,1.1507,1.1547,1.1585,1.162,1.1653,1.1684,1.1713,1.174,1.1764,1.1788,1.1809,1.1828,1.1846,1.1862,1.1877,1.189,1.1902,1.1912,1.1921,1.1929,1.1935,1.1941,1.1945,1.1947,1.1949,1.195,1.195,1.1948,1.1946,1.1943,1.1939,1.1934,1.1928,1.1922,1.1914,1.1906,1.1897,1.1888,1.1878,1.1867,1.1856,1.1843,1.1831,1.1818,1.1804
1.1153,1.121,1.1264,1.1315,1.1364,1.141,1.1453,1.1494,1.1533,1.1569,1.1603,1.1635,1.1664,1.1692,1.1718,1.1742,1.1764,1.1785,1.1804,1.1821,1.1836,1.1851,1.1863,1.1875,1.1884,1.1893,1.19,1.1906,1.1911,1.1915,1.1918,1.1919,1.192,1.192,1.1918,1.1916,1.1913,1.1909,1.1904,1.1898,1.1891,1.1884,1.1876,1.1867,1.1858,1.1848,1.1837,1.1826,1.1814,1.1802,1.1789
1.1094,1.1152,1.1207,1.1259,1.1308,1.1355,1.1399,1.1441,1.1481,1.1518,1.1553,1.1586,1.1616,1.1645,1.1672,1.1697,1.172,1.1742,1.1761,1.1779,1.1796,1.1811,1.1825,1.1837,1.1848,1.1857,1.1865,1.1872,1.1878,1.1883,1.1886,1.1889,1.189,1.1891,1.189,1.1889,1.1886,1.1883,1.1879,1.1874,1.1869,1.1862,1.1855,1.1847,1.1838,1.1829,1.1819,1.1809,1.1798,1.1786,1.1774
1.1035,1.1094,1.115,1.1203,1.1253,1.1301,1.1346,1.1389,1.1429,1.1467,1.1503,1.1537,1.1569,1.1598,1.1626,1.1652,1.1676,1.1699,1.1719,1.1738,1.1756,1.1772,1.1786,1.1799,1.1811,1.1822,1.1831,1.1839,1.1845,1.1851,1.1855,1.1859,1.1861,1.1862,1.1863,1.1862,1.186,1.1858,1.1855,1.1851,1.1846,1.184,1.1834,1.1827,1.1819,1.181,1.1801,1.1791,1.1781,1.177,1.1759
1.0977,1.1036,1.1093,1.1147,1.1198,1.1247,1.1293,1.1337,1.1378,1.1417,1.1454,1.1489,1.1521,1.1552,1.1581,1.1607,1.1632,1.1656,1.1677,1.1697,1.1716,1.1733,1.1748,1.1762,1.1775,1.1786,1.1796,1.1805,1.1812,1.1819,1.1824,1.1828,1.1832,1.1834,1.1835,1.1835,1.1834,1.1833,1.183,1.1827,1.1823,1.1818,1.1813,1.1806,1.1799,1.1791,1.1783,1.1774,1.1764,1.1754,1.1743
1.0919,1.0979,1.1037,1.1092,1.1144,1.1194,1.1241,1.1285,1.1327,1.1367,1.1405,1.1441,1.1474,1.1506,1.1535,1.1563,1.1589,1.1613,1.1636,1.1657,1.1676,1.1694,1.171,1.1725,1.1738,1.1751,1.1762,1.1771,1.178,1.1787,1.1793,1.1798,1.1802,1.1805,1.1807,1.1808,1.1808,1.1808,1.1806,1.1804,1.18,1.1796,1.1791,1.1786,1.178,1.1773,1.1765,1.1757,1.1748,1.1739,1.1728
1.0861,1.0923,1.0981,1.1037,1.109,1.114,1.1188,1.1234,1.1277,1.1318,1.1356,1.1393,1.1427,1.146,1.149,1.1519,1.1546,1.1571,1.1594,1.1616,1.1636,1.1655,1.1672,1.1688,1.1702,1.1715,1.1727,1.1738,1.1747,1.1755,1.1762,1.1768,1.1773,1.1777,1.178,1.1782,1.1783,1.1783,1.1782,1.178,1.1778,1.1774,1.177,1.1766,1.176,1.1754,1.1747,1.174,1.1732,1.1723,1.1713
1.0805,1.0867,1.0926,1.0983,1.1036,1.1088,1.1136,1.1183,1.1227,1.1268,1.1308,1.1345,1.1381,1.1414,1.1445,1.1475,1.1503,1.1529,1.1553,1.1576,1.1597,1.1616,1.1634,1.1651,1.1666,1.168,1.1693,1.1704,1.1715,1.1724,1.1732,1.1738,1.1744,1.1749,1.1752,1.1755,1.1757,1.1758,1.1758,1.1757,1.1755,1.1753,1.1749,1.1745,1.1741,1.1735,1.1729,1.1722,1.1715,1.1707,1.1698
1.0748,1.0811,1.0871,1.0929,1.0983,1.1035,1.1085,1.1132,1.1177,1.1219,1.126,1.1298,1.1334,1.1368,1.1401,1.1431,1.146,1.1487,1.1512,1.1535,1.1557,1.1578,1.1597,1.1615,1.1631,1.1646,1.1659,1.1671,1.1682,1.1692,1.1701,1.1709,1.1715,1.1721,1.1725,1.1729,1.1731,1.1733,1.1734,1.1734,1.1733,1.1731,1.1729,1.1725,1.1721,1.1717,1.1711,1.1705,1.1699,1.1691,1.1683
1.0692,1.0756,1.0817,1.0875,1.093,1.0983,1.1034,1.1082,1.1127,1.1171,1.1212,1.1251,1.1288,1.1323,1.1356,1.1388,1.1417,1.1445,1.1471,1.1496,1.1518,1.154,1.156,1.1578,1.1595,1.1611,1.1625,1.1638,1.165,1.1661,1.167,1.1679,1.1686,1.1693,1.1698,1.1702,1.1706,1.1708,1.171,1.171,1.171,1.1709,1.1708,1.1705,1.1702,1.1698,1.1693,1.1688,1.1682,1.1676,1.1669
1.0636,1.0701,1.0763,1.0822,1.0878,1.0932,1.0983,1.1032,1.1078,1.1122,1.1164,1.1204,1.1242,1.1278,1.1312,1.1345,1.1375,1.1404,1.143,1.1456,1.148,1.1502,1.1522,1.1542,1.156,1.1576,1.1591,1.1605,1.1618,1.163,1.164,1.1649,1.1658,1.1665,1.1671,1.1676,1.168,1.1683,1.1686,1.1687,1.1688,1.1688,1.1687,1.1685,1.1683,1.168,1.1676,1.1671,1.1666,1.166,1.1654
1.0581,1.0646,1.0709,1.0769,1.0826,1.088,1.0932,1.0982,1.1029,1.1074,1.1117,1.1158,1.1197,1.1234,1.1269,1.1302,1.1333,1.1362,1.139,1.1416,1.1441,1.1464,1.1485,1.1506,1.1524,1.1542,1.1558,1.1573,1.1586,1.1599,1.161,1.162,1.1629,1.1637,1.1644,1.165,1.1655,1.1659,1.1662,1.1664,1.1666,1.1666,1.1666,1.1665,1.1663,1.1661,1.1658,1.1654,1.165,1.1645,1.1639
